County,Covered IHIO population,N of Centers ,Province,Province - en,Best_Nearest_Hospital,Travel_Time_Minutes,Travel_Distance_Km,Center lat (administrative),Center long (administrative),SPAI index,SPAI index_30,SPAI_Normalized,SPAI_Normalized_30
آذرشهر,71956,0.0,آذربايجان شرقي,East Azerbaijan,بیمارستان شهید محلاتی تبریز,40.78,54.71,37.758889,45.978333,0.0005963584889602,0.0005185115152906,3.791718945908020,10.316411501806500
اسكو,63836,0.0,آذربايجان شرقي,East Azerbaijan,بیمارستان شهید محلاتی تبریز,29.11,33.29,37.915833,46.123611,0.0006841082750666,0.0006367690406031,4.349642632144360,12.669287490732800
اهر,108055,0.0,آذربايجان شرقي,East Azerbaijan,بیمارستان پزشکان ولیعصر تبریز,70.74,106.18,38.4894305,47.0683575,0.0003682102178104,0.0003448044723447,2.3411248180317100,6.86030053233742
بستان آباد,81471,0.0,آذربايجان شرقي,East Azerbaijan,بیمارستان پزشکان ولیعصر تبریز,37.15,53.2,37.85,46.833333,0.0006314986512776,0.0005897674875974,4.015144321227960,11.734134947864000
بناب,98143,0.0,آذربايجان شرقي,East Azerbaijan,بیمارستان امیرالمومنین مراغه,24.97,21.89,37.340278,46.056111,0.0001298506415153,0.0001488250809018,0.8256059848000790,2.9610543470999500
تبريز,845589,6.0,آذربايجان شرقي,East Azerbaijan,بیمارستان نور نجات تبریز,0.9,0.49,38.066667,46.3,0.0007907029232839,0.000736430222448,5.027384216543800,14.652166814236600
جلفا,25798,0.0,آذربايجان شرقي,East Azerbaijan,بیمارستان عالی نسب تبریز,98.45,134.49,38.940278,45.630833,0.0001913939570732,0.0001774788138354,1.2169057816752100,3.531154897017750
چاراويماق,30887,0.0,آذربايجان شرقي,East Azerbaijan,بیمارستان امیرالمومنین مراغه,102.11,115.29,37.1299052,47.0245686,0.0001185974037791,0.0001125153885584,0.7540565468075830,2.2386292578354000
خداآفرين,29148,0.0,آذربايجان شرقي,East Azerbaijan,بیمارستان پزشکان ولیعصر تبریز,183.33,225.12,39.1589,47.0326,6.36807769619544E-06,5.53463831104122E-06,0.0404890033372019,0.11011829949111800
سراب,98170,0.0,آذربايجان شرقي,East Azerbaijan,بیمارستان امام خمینی اردبیل,72.44,82.87,37.940833,47.536667,0.0002745981908238,0.0002592449078819,1.7459282997280400,5.157989881784380
شبستر,80590,0.0,آذربايجان شرقي,East Azerbaijan,بیمارستان عالی نسب تبریز,51.75,67.73,38.180278,45.702778,0.0005254834362395,0.0004882390767968,3.3410868426208200,9.714104853920120
عجب شير,45937,0.0,آذربايجان شرقي,East Azerbaijan,بیمارستان امیرالمومنین مراغه,39.16,43.63,37.4775,45.894167,0.0001144336680591,0.0003508615982041,0.727583014682962,6.980814351300120
كليبر,41921,0.0,آذربايجان شرقي,East Azerbaijan,بیمارستان پزشکان ولیعصر تبریز,128.16,166.66,38.869444,47.035556,7.18839960917855E-05,6.75786569625884E-05,0.45704708649999800,1.3445588254192400
مراغه,179932,1.0,آذربايجان شرقي,East Azerbaijan,بیمارستان امیرالمومنین مراغه,7.28,5.11,37.389167,46.2375,0.00014055815769,0.0001610972340646,0.8936856595172370,3.205223624555020
مرند,158112,0.0,آذربايجان شرقي,East Azerbaijan,بیمارستان عالی نسب تبریز,50.74,68.23,38.425117,45.769636,0.0005333250069432,0.0004955570968904,3.390944491590890,9.85970568328985
ملكان,103777,0.0,آذربايجان شرقي,East Azerbaijan,بیمارستان امیرالمومنین مراغه,44.58,49.76,37.145625,46.1685242,0.0001074427046789,0.0001231427818111,0.6831336293056000,2.450074054630180
ميانه,122151,0.0,آذربايجان شرقي,East Azerbaijan,بیمارستان بهمن زنجان,98.49,142.77,37.421111,47.715,0.0001796747749666,0.0001765713966276,1.1423938133763800,3.51310073805806
هريس,60160,0.0,آذربايجان شرقي,East Azerbaijan,بیمارستان پزشکان ولیعصر تبریز,61.69,84.26,38.2474,47.1163,0.000438592261775,0.0004104488032218,2.788622312395560,8.166373609054650
هشترود,49342,0.0,آذربايجان شرقي,East Azerbaijan,بیمارستان پزشکان ولیعصر تبریز,77.1,112.88,37.477778,47.050833,0.0002983775189297,0.0002803243073519,1.897120125734100,5.577389938929890
ورزقان,37866,0.0,آذربايجان شرقي,East Azerbaijan,بیمارستان پزشکان ولیعصر تبریز,54.1,83.57,38.509722,46.654444,0.0004991200323787,0.0004668382246618,3.1734651523990400,9.288309108592770
اروميه,762810,5.0,آذربايجان غربي,West Azerbaijan,بیمارستان سیدالشهدا ارومیه,3.26,2.28,37.555278,45.0725,0.000545987927546,0.0005781690243189,3.4714568626713800,11.50336954258160
اشنويه,74833,0.0,آذربايجان غربي,West Azerbaijan,بیمارستان سیدالشهدا ارومیه,69.24,72.89,37.039722,45.098333,0.000274360048316,0.0002905087396222,1.744414161042390,5.780021493127500
بوكان,198245,0.0,آذربايجان غربي,West Azerbaijan,بیمارستان امیرالمومنین مراغه,92.21,121.61,36.521111,46.208889,4.34692537799334E-05,4.98212033074882E-05,0.2763827398671560,0.9912528838383710
پلدشت,39534,0.0,آذربايجان غربي,West Azerbaijan,بیمارستان عالی نسب تبریز,162.06,221.95,39.3438,45.072,1.83315612001766E-05,1.54233023671551E-05,0.11655426928184500,0.3068651886104830
پيرانشهر,132263,0.0,آذربايجان غربي,West Azerbaijan,بیمارستان سیدالشهدا ارومیه,101.58,133.15,36.694444,45.141667,0.0001277127189605,0.0001352146496662,0.8120128162513200,2.690258414506630
تكاب,62184,0.0,آذربايجان غربي,West Azerbaijan,بیمارستان توحید سنندج,151.97,184.39,36.3999967196707,47.1066399221946,2.14878318430759E-05,1.39583035703149E-05,0.13662221736448500,0.2777172719448630
چالدران,41483,0.0,آذربايجان غربي,West Azerbaijan,بیمارستان سیدالشهدا ارومیه,159.0,222.51,39.0649837,44.3844679,1.45686093084001E-05,1.27624328853907E-05,0.09262896890510910,0.2539239834164270
چايپاره,37904,0.0,آذربايجان غربي,West Azerbaijan,بیمارستان عالی نسب تبریز,126.69,173.65,38.8884,45.0,7.75567517725227E-05,6.45706952276215E-05,0.49311514889592700,1.2847118015354800
خوئ,249705,0.0,آذربايجان غربي,West Azerbaijan,بیمارستان سیدالشهدا ارومیه,93.92,134.75,38.5504343,44.95354,0.0001498588543448,0.0001325800398036,0.9528206066488480,2.6378396760837000
سردشت,112592,0.0,آذربايجان غربي,West Azerbaijan,بیمارستان سیدالشهدا ارومیه,182.31,237.77,36.155278,45.478889,4.57537400400828E-06,4.86302404173169E-06,0.029090777806922000,0.09675572418013580
سلماس,154719,0.0,آذربايجان غربي,West Azerbaijan,بیمارستان سیدالشهدا ارومیه,63.12,91.97,38.197222,44.765278,0.0003000382960273,0.0003175911209041,1.9076795461204500,6.3188581081568
شاهين دژ,76111,0.0,آذربايجان غربي,West Azerbaijan,بیمارستان امیرالمومنین مراغه,102.25,119.79,36.679167,46.566944,3.31449448524073E-05,3.79882535933838E-05,0.21073954288313300,0.7558220883188760
شوط,49188,0.0,آذربايجان غربي,West Azerbaijan,بیمارستان عالی نسب تبریز,159.36,230.01,39.2177,44.7689,2.07171709604336E-05,1.74153513429024E-05,0.13172226285108400,0.3464994037812750
ماكو,75861,0.0,آذربايجان غربي,West Azerbaijan,بیمارستان عالی نسب تبریز,171.77,246.45,39.295278,44.516667,1.16101018916008E-05,9.79883791202081E-06,0.07381842318210550,0.19495968972502600
مهاباد,164886,0.0,آذربايجان غربي,West Azerbaijan,بیمارستان امیرالمومنین مراغه,88.8,115.44,36.763056,45.722222,0.00015339489796,0.0001630943584169,0.9753031969322330,3.244958820459120
مياندوآب,212784,0.0,آذربايجان غربي,West Azerbaijan,بیمارستان امیرالمومنین مراغه,53.66,66.8,36.969444,46.102778,9.49230126785048E-05,0.0001087936484292,0.6035319228930670,2.164580752559500
نقده,92409,0.0,آذربايجان غربي,West Azerbaijan,بیمارستان سیدالشهدا ارومیه,67.51,87.48,36.955278,45.388056,0.0002865673103854,0.0003034240688705,1.822029400404400,6.036987533953240
اردبيل,371722,2.0,اردبيل,Ardabil,بیمارستان امام خمینی اردبیل,58.23,75.86,38.4853276,47.8911209,0.0003526053237821,0.0003592781819563,2.2419070263320200,7.148272428636060
اصلاندوز,29153,0.0,اردبيل,Ardabil,بیمارستان امام خمینی اردبیل,157.06,187.68,39.4413,47.4099,1.83389368691172E-05,1.8685999490032E-05,0.1166011646714110,0.371780480041366
انگوت,16787,0.0,اردبيل,Ardabil,بیمارستان امام خمینی اردبیل,98.79,118.98,39.0458,47.7443,0.0001455248223577,0.0001482788244142,0.9252643103910190,2.9501859159360700
بيله سوار,43233,0.0,اردبيل,Ardabil,بیمارستان امام خمینی اردبیل,150.15,166.15,39.3567775,47.9490765,2.46308976734171E-05,2.50970336837617E-05,0.15660620766186500,0.49933573184247800
پارس آباد,101918,0.0,اردبيل,Ardabil,بیمارستان امام خمینی اردبیل,169.19,197.05,39.648333,47.9175,1.05829789573215E-05,1.07832614061449E-05,0.06728785212161130,0.2145459815583670
خلخال,57859,0.0,اردبيل,Ardabil,بیمارستان امام خمینی اردبیل,87.56,111.71,37.618889,48.525833,0.0001939611094384,0.0001875060374554,1.2332280449453000,3.730658595651280
سرعين,16613,0.0,اردبيل,Ardabil,بیمارستان امام خمینی اردبیل,26.09,27.91,38.1503,48.0701,0.0005138971812437,0.0005236223408449,3.267420040868250,10.418097535727200
كوثر,16732,0.0,اردبيل,Ardabil,بیمارستان امام خمینی اردبیل,60.99,78.9,37.6982,48.3335,0.000336006569313,0.0003423656433899,2.136370150503020,6.811777091028430
گرمي,41340,0.0,اردبيل,Ardabil,بیمارستان امام خمینی اردبیل,85.34,108.69,39.0372267,47.9277021,0.0002052980398531,0.0002091832150729,1.305309611046270,4.161952169477790
مشگين شهر,110304,0.0,اردبيل,Ardabil,بیمارستان امام خمینی اردبیل,71.29,97.95,38.3982,47.6778,0.0002787285047133,0.0002840033049309,1.7721893318375600,5.650588029656650
نمين,46052,0.0,اردبيل,Ardabil,بیمارستان قائم (عج) اردبیل,30.29,30.46,38.426944,48.483889,0.0004947265209615,0.0005040886273881,3.1455306787761200,10.029450764660200
نير,15389,0.0,اردبيل,Ardabil,بیمارستان امام خمینی اردبیل,28.72,35.11,38.0342,48.0015,0.0005036914765669,0.0005132235076857,3.2025309439647500,10.211200217451000
آران وبيدگل,30244,0.0,اصفهان,Isfahan,بیمارستان آیت اله یثربی کاشان,13.8,12.4,34.057778,51.484167,0.0047549987373953,0.0049056043688115,30.232853449921700,97.60291110479150
اردستان,13696,0.0,اصفهان,Isfahan,بیمارستان عسگریه اصفهان,87.08,116.96,33.376111,52.369444,0.0008006536897677,0.0007764646959858,5.090652385776560,15.44870091443430
اصفهان,816254,8.0,اصفهان,Isfahan,بیمارستان سینا اصفهان,1.82,0.7,32.6546275,51.6679826,0.0020705500840956,0.0019256880941663,13.164806282887800,38.31388545424120
برخوار,52397,0.0,اصفهان,Isfahan,بیمارستان عسگریه اصفهان,23.19,16.54,32.8064,51.6966,0.001838964092531,0.0016927921287759,11.692354715453200,33.68013953881770
بوئين مياندشت,15565,0.0,اصفهان,Isfahan,بیمارستان شهید منتظری نجف آباد,98.14,141.19,33.0808,50.163,0.0001886134274311,0.0002295165268914,1.1992268400339300,4.566507913619030
تيران وكرون,24478,0.0,اصفهان,Isfahan,بیمارستان شهید منتظری نجف آباد,31.01,31.26,32.7441,51.0958,0.0006288193024675,0.0010604094558004,3.998108699476920,21.098124118444100
جرقویه,23797,0.0,اصفهان,Isfahan,مرکز آموزشی و درمانی الزهرا(س)اصفهان,62.03,66.37,32.3034,52.2019,0.0011397977155061,0.0010564320400666,7.246970861306190,21.018988638876900
چادگان,25143,0.0,اصفهان,Isfahan,بیمارستان آیت اله کاشانی شهرکرد,68.82,79.09,32.7709,50.6248,0.0005390278867336,0.0005780066447152,3.4272040866965100,11.500138804667700
خميني شهر,104943,0.0,اصفهان,Isfahan,بیمارستان سینا اصفهان,23.73,17.34,32.700278,51.521111,0.0018122715823376,0.001745894708797,11.522640527615200,34.736679367057100
خوانسار,13576,0.0,اصفهان,Isfahan,بیمارستان شهید منتظری نجف آباد,92.89,128.49,33.220556,50.315,0.0002366003050511,0.0002554544964492,1.504333175224990,5.082575078163340
خور و بيابانك,4909,0.0,اصفهان,Isfahan,بیمارستان افشار یزد,268.15,320.56,33.6907,54.9612,8.78428999844986E-08,8.1986224275273E-08,0.0005585157154636420,0.0016312147409653200
دهاقان,17564,0.0,اصفهان,Isfahan,بیمارستان آیت اله کاشانی شهرکرد,69.8,100.71,31.94,51.647778,0.0008190003333099,0.000746362541467,5.207302550401660,14.849782271455100
سميرم,48977,0.0,اصفهان,Isfahan,مرکز آموزشی و درمانی الزهرا(س)اصفهان,115.09,161.74,31.3988346,51.567593,0.0002759134117552,0.0002263033123277,1.75429063247917,4.502577137338880
شاهين شهروميمه,54766,0.0,اصفهان,Isfahan,بیمارستان سینا اصفهان,48.19,62.68,33.1271852,51.5150077,0.0013558765058768,0.0013063871587016,8.62082577982341,25.99214696762940
شهرضا,58791,0.0,اصفهان,Isfahan,مرکز آموزشی و درمانی الزهرا(س)اصفهان,55.94,74.14,32.0121,51.8595,0.0012446781813165,0.0011374346101507,7.913813467944240,22.63063239421990
فريدن,35745,0.0,اصفهان,Isfahan,بیمارستان شهید منتظری نجف آباد,95.07,127.53,33.0214829,50.3069088,0.000204809885322,0.0002521070623523,1.3022058658688800,5.015973842510080
فريدونشهر,25564,0.0,اصفهان,Isfahan,بیمارستان شهید منتظری نجف آباد,107.41,146.84,32.941111,50.121111,0.0001447566328139,0.0001704087428303,0.9203800689469950,3.3904873135895900
فلاورجان,92168,0.0,اصفهان,Isfahan,بیمارستان میلاد اصفهان,15.84,16.67,32.555278,51.509722,0.0017934861802237,0.0017823045143218,11.403200683259200,35.46109632872100
كاشان,90300,2.0,اصفهان,Isfahan,بیمارستان آیت اله یثربی کاشان,7.46,5.68,33.9850358,51.4099625,0.0048718103886466,0.0050260840719644,30.97555596753760,100.0
کوهپایه,5079,0.0,اصفهان,Isfahan,بیمارستان شهید چمران اصفهان,63.86,92.27,32.7224,52.6627,0.001079518001301,0.0010073123002462,6.863705193697570,20.041692216511200
گلپايگان,34888,0.0,اصفهان,Isfahan,بیمارستان تخصصی و فوق تخصصی سینا اراک,77.19,108.35,33.4567,50.2887,0.0003972857664978,0.0004138017318727,2.5259906510190200,8.233084165481720
لنجان,81971,0.0,اصفهان,Isfahan,بیمارستان میلاد اصفهان,43.24,44.3,32.4750168,51.3050851,0.0013724712729246,0.0013467127240155,8.726337303148550,26.79447268953360
مباركه,34141,0.0,اصفهان,Isfahan,بیمارستان میلاد اصفهان,35.91,51.22,32.346389,51.504444,0.0015040868193718,0.0013547893346717,9.563164765620030,26.95516659239230
نائين,7189,0.0,اصفهان,Isfahan,بیمارستان شهید چمران اصفهان,102.97,141.17,32.8635,53.0944,0.0004171879990283,0.0003858469185649,2.6525314373895500,7.6768894638504400
نجف آباد,110608,1.0,اصفهان,Isfahan,بیمارستان شهید منتظری نجف آباد,1.42,1.03,32.6324231,51.3679914,0.0007184687632447,0.0014655441584285,4.5681107455818300,29.158767291684100
نطنز,11264,0.0,اصفهان,Isfahan,بیمارستان آیت اله یثربی کاشان,69.73,83.35,33.513333,51.916389,0.0017294163463426,0.0010528071967733,10.995836979236600,20.946868012930400
هرند,11350,0.0,اصفهان,Isfahan,بیمارستان شهید چمران اصفهان,65.2,90.52,32.571,52.438,0.0010520313309148,0.0009817264958007,6.688941639907960,19.53263180130210
ورزنه,17200,0.0,اصفهان,Isfahan,بیمارستان شهید چمران اصفهان,96.36,119.32,32.4217,52.6495,0.000502602309864,0.0004697311549231,3.1956058911666600,9.345867442673110
اشتهارد,6413,0.0,البرز,Alborz,بیمارستان شهید رجایی کرج,55.97,62.17,35.7212,50.3684,0.0005954302000674,0.0007542841589499,3.785816773561580,15.007392398334800
چهارباغ,13774,0.0,البرز,Alborz,بیمارستان شهید رجایی کرج,19.1,15.56,35.8377,50.8482,0.0009997121525524,0.0008525367226835,6.356290015920950,16.962245566861200
ساوجبلاغ,67979,0.0,البرز,Alborz,بیمارستان شهید رجایی کرج,28.1,30.32,35.9617,50.6788,0.0009381777349379,0.0007421816238755,5.96504679323935,14.766597877170500
طالقان,2435,0.0,البرز,Alborz,بیمارستان شهید رجایی کرج,87.42,68.14,36.18,50.7664,0.0003496129414288,0.0002674129030007,2.2228810996915,5.320501988662200
فرديس,93147,0.0,البرز,Alborz,بیمارستان نور شهریار,15.45,9.87,35.7230849684162,50.9802586811916,0.0009212323129952,0.0016906665368048,5.857305763949120,33.637848324809600
كرج,667520,4.0,البرز,Alborz,بیمارستان شهید رجایی کرج,2.65,1.37,35.8400188,50.9390906,0.0010658132514074,0.0009110697760511,6.776568746774340,18.12683120708360
نظرآباد,49930,0.0,البرز,Alborz,بیمارستان شهید رجایی کرج,35.54,38.46,35.9559,50.6043,0.0007955280785998,0.000700157141963,5.058063133951590,13.930470162019200
آبدانان,34064,0.0,ايلام,Ilam,بیمارستان گنجویان دزفول,139.68,162.29,32.9925,47.419722,3.53705776572403E-05,3.40378867570709E-05,0.22489038374302200,0.6772247791662460
ايلام,99211,1.0,ايلام,Ilam,بیمارستان مصطفی خمینی ایلام,51.52,54.83,33.2957618,46.670534,0.0004912457008896,0.0005016040391316,3.1233992064180500,9.980016886895260
ايوان,28387,0.0,ايلام,Ilam,بیمارستان مصطفی خمینی ایلام,31.65,38.84,33.8281,46.3063,0.0006179889079513,0.0006310197357565,3.9292477494964200,12.5548981418027
بدره,9687,0.0,ايلام,Ilam,بیمارستان مصطفی خمینی ایلام,81.21,85.12,33.3068,47.039,0.0002841827476894,0.0002901749854184,1.8068680641955400,5.773381051005530
چرداول,30856,0.0,ايلام,Ilam,بیمارستان امام علی کرمانشاه,93.61,129.8,33.7018,47.0194,0.0001391424699645,0.0001412707060103,0.8846845468146630,2.810750954173470
چوار,4419,0.0,ايلام,Ilam,بیمارستان مصطفی خمینی ایلام,13.59,16.9,33.696,46.2989,0.0006922502401739,0.000706846932059,4.401410224835300,14.063571598449900
دره شهر,32055,0.0,ايلام,Ilam,بیمارستان مصطفی خمینی ایلام,121.26,127.91,33.139722,47.376111,9.21463555286937E-05,5.53227390708865E-05,0.5858776030231730,1.1007125682492600
دهلران,43125,0.0,ايلام,Ilam,بیمارستان گنجویان دزفول,112.3,133.17,32.6894,47.2691,0.0001120778421544,0.0001106866358838,0.7126043904469150,2.202244019379070
سيروان,13004,0.0,ايلام,Ilam,بیمارستان مصطفی خمینی ایلام,58.33,59.41,33.5689,46.8136,0.0004427674196533,0.0004521035516276,2.815168467975420,8.995145030490890
شيروان وچرداول,28,0.0,ايلام,Ilam,بیمارستان امام علی کرمانشاه,93.61,129.8,33.7018,47.0194,0.0001391424699645,0.0001412707060103,0.8846845468146630,2.810750954173470
ملكشاهي,17841,0.0,ايلام,Ilam,بیمارستان مصطفی خمینی ایلام,67.41,68.64,33.2561,46.7478,0.0003778406360601,0.0003858077309431,2.402356174691140,7.676109778886180
مهران,20919,0.0,ايلام,Ilam,بیمارستان مصطفی خمینی ایلام,64.1,85.6,33.122222,46.164722,0.0004013888179866,0.000409852446545,2.5520783455083600,8.15450837424637
هلیلان,15378,0.0,ايلام,Ilam,بیمارستان بیستون کرمانشاه,95.24,89.9,33.7619,47.1167,0.0001190707320616,0.0001207614445942,0.7570660249144820,2.4026944807352100
بوشهر,102796,1.0,بوشهر,Bushehr,بیمارستان قلب بوشهر,12.63,9.88,28.9233837,50.820314,0.0001902137365586,0.0001997543747457,1.209401797799070,3.974354027620310
تنگستان,37675,0.0,بوشهر,Bushehr,بیمارستان قلب بوشهر,1.82,0.81,28.9837547,50.8330708,0.0001943855267931,0.0002041354113887,1.2359265414949000,4.0615200316160900
جم,20647,0.0,بوشهر,Bushehr,بیمارستان قلب بوشهر,176.45,267.62,27.827778,52.326944,2.57552435639179E-06,3.91617903437437E-06,0.01637549339627110,0.07791710163024970
دشتستان,134456,0.0,بوشهر,Bushehr,بیمارستان قلب بوشهر,46.11,65.92,29.2707,51.2167,0.000144749891829,0.0001520101789699,0.9203372089548380,3.0244257118144100
دشتي,41201,0.0,بوشهر,Bushehr,بیمارستان قلب بوشهر,57.75,83.14,28.6522,51.3793,0.0001223762565905,0.0001285143389811,0.7780829471423310,2.556947658276460
دير,30527,0.0,بوشهر,Bushehr,بیمارستان قلب بوشهر,136.61,207.26,27.8374,51.9346,1.45605887819073E-05,1.52909109545988E-05,0.09257797343372440,0.3042311019008160
ديلم,17185,0.0,بوشهر,Bushehr,بیمارستان قلب بوشهر,139.59,188.76,30.1182632,50.2261227,1.29876949793242E-05,1.71886595626161E-05,0.08257732559930760,0.34198909760572300
عسلويه,14767,0.0,بوشهر,Bushehr,بیمارستان امیرالمومنین علی (ع) گراش,186.47,227.65,27.4721,52.6146,1.99861828470238E-06,2.02254181458639E-06,0.012707455257251600,0.04024090694917120
كنگان,28235,0.0,بوشهر,Bushehr,بیمارستان قلب بوشهر,137.71,206.66,27.8370437,52.0645473,1.39629651806316E-05,1.46633120704912E-05,0.08877821075166720,0.29174426572534700
گناوه,44815,0.0,بوشهر,Bushehr,بیمارستان قلب بوشهر,86.03,113.13,29.579167,50.516944,6.9572159509496E-05,7.30617224284728E-05,0.4423481516626750,1.4536510210008700
اسلامشهر,148617,0.0,تهران,Tehran,بیمارستان بهارلو تهران,24.78,24.68,35.5445805,51.2302457,0.0018848028240072,0.0022223023352479,11.983802879287900,44.215383257195200
بهارستان,266197,0.0,تهران,Tehran,بیمارستان نور شهریار,30.31,26.45,35.520270364914,51.1815776012523,0.0021096050731111,0.0020622353635988,13.413122596856100,41.03065794505890
پاكدشت,135099,0.0,تهران,Tehran,بیمارستان فیروز آبادی تهران,32.07,32.77,35.4668913,51.6860625,0.0032772119955204,0.0020376653993699,20.836907737890900,40.541808895239900
پرديس,46055,0.0,تهران,Tehran,بیمارستان دکتر لواسانی تهران,23.94,24.37,35.7289,51.7562,0.0157279191171008,0.0022113449503816,100.0,43.99737287954510
پيشوا,27582,0.0,تهران,Tehran,بیمارستان فیروز آبادی تهران,48.74,48.5,35.3078,51.7309,0.0032822120908569,0.0014322763740134,20.86869894497480,28.496864626731300
تهران,3197005,26.0,تهران,Tehran,بیمارستان پیامبران تهران,3.64,2.32,35.7219,51.3347,0.0021340117974138,0.0026024769924694,13.568303483284800,51.779416245463700
دماوند,47268,0.0,تهران,Tehran,بیمارستان دکتر لواسانی تهران,41.21,49.14,35.9467494,52.1275481,0.0076324623617757,0.0017402006219201,48.528113000511300,34.62338864618230
رباطكريم,113823,0.0,تهران,Tehran,بیمارستان نور شهریار,30.65,26.36,35.484722,51.082778,0.0016084402447436,0.001974843501541,10.226656385807300,39.29189152558590
رئ,205044,1.0,تهران,Tehran,بیمارستان فیروز آبادی تهران,2.42,1.63,35.6073,51.4386,0.0014594999933582,0.0025592228436673,9.279676367176260,50.91882282556110
شميرانات,75079,3.0,تهران,Tehran,بیمارستان تهرانپارس تهران,48.59,34.96,35.9548021,51.5991643,0.0095063508166567,0.0016997014887523,60.44252100915590,33.817609582642500
شهريار,315140,1.0,تهران,Tehran,بیمارستان نور شهریار,7.47,4.34,35.659722,51.059167,0.0004411005491142,0.0009064269330948,2.8045703047556700,18.034456250958200
فيروزكوه,9100,0.0,تهران,Tehran,بیمارستان کوثر سمنان,68.97,79.24,35.7594,52.7755,0.0016284327917777,0.0016486085853366,10.353771402646200,32.80105469251050
قدس,91460,0.0,تهران,Tehran,بیمارستان نور شهریار,12.36,10.63,35.7141,51.1131,0.0010407166887232,0.0021751120670881,6.617001785008160,43.27647599889780
قرچك,94759,0.0,تهران,Tehran,بیمارستان فیروز آبادی تهران,21.52,23.93,35.4367,51.5724,0.0022315079579503,0.0021558915476372,14.18819578951170,42.89406060003670
ملارد,120710,0.0,تهران,Tehran,بیمارستان نور شهریار,13.13,10.34,35.6672,50.9788,0.0007745711005627,0.0008912922775715,4.924816148885940,17.73333403918070
ورامين,98538,0.0,تهران,Tehran,بیمارستان فیروز آبادی تهران,39.87,40.06,35.3252407,51.6471987,0.001783727675321,0.0016646446743998,11.341154936266000,33.12011201096340
اردل,48059,0.0,چهارمحال وبختيارئ,Chaharmahal and Bakhtiari,بیمارستان آیت اله کاشانی شهرکرد,70.29,73.7,31.9986,50.6623,0.0005657050346547,0.0005371560073153,3.596820599360880,10.68736614080070
بروجن,63147,0.0,چهارمحال وبختيارئ,Chaharmahal and Bakhtiari,بیمارستان آیت اله کاشانی شهرکرد,42.53,63.81,31.965278,51.287222,0.0008742077305939,0.0008300897351026,5.558317817411610,16.515635696045300
بن,16090,0.0,چهارمحال وبختيارئ,Chaharmahal and Bakhtiari,بیمارستان آیت اله کاشانی شهرکرد,24.48,30.34,32.5383,50.7456,0.0010343324720548,0.0009821335929412,6.576410168146030,19.540731489542000
خانمیرزا,48704,0.0,چهارمحال وبختيارئ,Chaharmahal and Bakhtiari,بیمارستان آیت اله کاشانی شهرکرد,92.25,137.18,31.5535,51.0629,0.0003445513827345,0.0003271631551808,2.1906991011918000,6.509305266215560
سامان,19768,0.0,چهارمحال وبختيارئ,Chaharmahal and Bakhtiari,بیمارستان آیت اله کاشانی شهرکرد,21.26,25.15,32.453280453761,50.909600777606,0.00105570575788,0.0010024282490407,6.712304088162190,19.94451813156620
شهركرد,147457,2.0,چهارمحال وبختيارئ,Chaharmahal and Bakhtiari,بیمارستان آیت اله کاشانی شهرکرد,2.1,0.84,32.325556,50.864444,0.0011236179106779,0.0010669131431883,7.144097717645320,21.227522817208
فارسان,69733,0.0,چهارمحال وبختيارئ,Chaharmahal and Bakhtiari,بیمارستان آیت اله کاشانی شهرکرد,30.76,35.73,32.2556357099306,50.5618617614322,0.000985587326109,0.0009358484258382,6.266482671807370,18.61983230758880
فرخ شهر,5151,0.0,چهارمحال وبختيارئ,Chaharmahal and Bakhtiari,بیمارستان آیت اله کاشانی شهرکرد,2.1,0.84,32.325556,50.864444,0.0011236179106779,0.0010669131431883,7.144097717645320,21.227522817208
فلارد,26421,0.0,چهارمحال وبختيارئ,Chaharmahal and Bakhtiari,بیمارستان امام سجاد (ع) بویراحمد,101.84,110.25,31.2903,51.2629,9.14379359237666E-05,0.0001170154579185,0.5813733860339290,2.3281635611949800
كوهرنگ,38526,0.0,چهارمحال وبختيارئ,Chaharmahal and Bakhtiari,بیمارستان آیت اله کاشانی شهرکرد,78.04,88.42,32.4626926556859,50.1339740408699,0.0004821904146906,0.0004578560571081,3.0658246084589800,9.109598059889810
كيار,35507,0.0,چهارمحال وبختيارئ,Chaharmahal and Bakhtiari,بیمارستان آیت اله کاشانی شهرکرد,34.74,41.27,32.0471,50.8166,0.000950504863423,0.000902536441354,6.043424157678470,17.957050228991700
لردگان,122041,0.0,چهارمحال وبختيارئ,Chaharmahal and Bakhtiari,بیمارستان آیت اله کاشانی شهرکرد,113.17,164.89,31.5119729908246,50.8293094529764,0.0001896277921899,0.0001626609193996,1.205676293081390,3.2363350288334000
بشرويه,15777,0.0,خراسان جنوبي,South Khorasan,بیمارستان رازی بیرجند,217.36,291.26,33.8684,57.4285,7.16306278360675E-07,7.22080787872935E-07,0.004554361406791330,0.014366667519563300
بيرجند,150069,1.0,خراسان جنوبي,South Khorasan,بیمارستان رازی بیرجند,2.45,1.71,32.8649039,59.2262472,0.0005064247620922,0.0005105073098714,3.2199095018334000,10.157158188400000
خوسف,15573,0.0,خراسان جنوبي,South Khorasan,بیمارستان رازی بیرجند,29.89,39.23,32.7787749746164,58.8887387445605,0.000447700478744,0.0004513096201843,2.846533450551760,8.979348807587880
درميان,49398,0.0,خراسان جنوبي,South Khorasan,بیمارستان رازی بیرجند,81.52,91.86,32.9155,60.0237,0.0002013856835138,0.0002030091560146,1.2804343792360600,4.03911182359621
زيركوه,36617,0.0,خراسان جنوبي,South Khorasan,بیمارستان رازی بیرجند,202.32,256.21,33.5245,60.1185,1.72119264445739E-06,1.73506805445743E-06,0.010943549694287800,0.03452127003078980
سرايان,26528,0.0,خراسان جنوبي,South Khorasan,بیمارستان رازی بیرجند,126.61,164.13,33.860278,58.521667,5.46969400851524E-05,5.51378799601122E-05,0.3477697187905860,1.0970345734499800
سربيشه,34448,0.0,خراسان جنوبي,South Khorasan,بیمارستان رازی بیرجند,47.74,69.67,32.575556,59.798333,0.0003693212000518,0.0003722984862312,2.348188576645470,7.407327074130900
طبس,28286,0.0,خراسان جنوبي,South Khorasan,بیمارستان رازی بیرجند,217.59,274.31,33.595833,56.924444,7.06422572079071E-07,7.12117404004155E-07,0.004491519614383730,0.014168433989719400
فردوس,25358,0.0,خراسان جنوبي,South Khorasan,بیمارستان رازی بیرجند,159.52,202.2,34.018611,58.172222,1.47900584136861E-05,1.49092886027502E-05,0.09403696893128720,0.29663826528319400
قائنات,84391,0.0,خراسان جنوبي,South Khorasan,بیمارستان رازی بیرجند,72.41,108.03,33.726667,59.184444,0.0002446885313768,0.0002466610901756,1.5557590902839300,4.907619662621260
نهبندان,42288,0.0,خراسان جنوبي,South Khorasan,بیمارستان رازی بیرجند,143.61,193.73,31.541944,60.036389,2.88984604905538E-05,2.91314256899853E-05,0.18373988494849700,0.5796048230168080
باخرز,58286,0.0,خراسان رضوئ,Razavi Khorasan,بیمارستان موسی ابن جعفر مشهد,150.94,212.39,34.9979,60.3095,3.13433546782909E-05,3.08695449555426E-05,0.19928481603272900,0.614186800569721
بجستان,20993,0.0,خراسان رضوئ,Razavi Khorasan,بیمارستان حشمتیه سبزوار,174.58,221.99,34.5126,58.1794,5.7689988061415E-06,5.32899079486533E-06,0.036679987754189600,0.1060266943123870
بردسكن,60412,0.0,خراسان رضوئ,Razavi Khorasan,بیمارستان حشمتیه سبزوار,108.89,127.04,35.260833,57.969722,9.34258461601209E-05,0.0001066685546525,0.5940127582328410,2.1222994507294300
تايباد,111972,0.0,خراسان رضوئ,Razavi Khorasan,بیمارستان موسی ابن جعفر مشهد,162.21,230.81,34.74,60.775556,1.90921232764037E-05,1.87823018301039E-05,0.12139001437033700,0.37369653115975200
تربت جام,255916,0.0,خراسان رضوئ,Razavi Khorasan,بیمارستان موسی ابن جعفر مشهد,113.17,167.24,35.243889,60.6225,0.0001278629743826,0.0001265340033554,0.8129681582834180,2.5175464943216800
تربت حيدريه,149327,0.0,خراسان رضوئ,Razavi Khorasan,بیمارستان موسی ابن جعفر مشهد,103.73,157.95,35.273889,59.219444,0.0001708903260417,0.0001656011549307,1.0865412313564900,3.294834558268270
جغتاي,46912,0.0,خراسان رضوئ,Razavi Khorasan,بیمارستان حشمتیه سبزوار,65.82,72.94,36.5788853,57.251215,0.0002656749439602,0.0003033332149977,1.6891932237325300,6.035179886657660
جوين,45151,0.0,خراسان رضوئ,Razavi Khorasan,بیمارستان حشمتیه سبزوار,66.94,66.63,36.6362238,57.5079912,0.000260244608528,0.0002971331530701,1.654666498411980,5.911822182352950
چناران,84163,0.0,خراسان رضوئ,Razavi Khorasan,بیمارستان شریعتی مشهد,47.26,53.34,36.6381,59.1184,0.0006800425813258,0.0005748736706206,4.323792462706630,11.437804509225300
خليل آباد,44233,0.0,خراسان رضوئ,Razavi Khorasan,بیمارستان حشمتیه سبزوار,128.22,154.86,35.255833,58.286389,4.9431780451555E-05,4.71058693850359E-05,0.3142932010491350,0.9372280429568090
خواف,128616,0.0,خراسان رضوئ,Razavi Khorasan,بیمارستان موسی ابن جعفر مشهد,189.05,276.23,34.576389,60.140833,4.90153838582344E-06,4.74771270252961E-06,0.03116457014643450,0.09446146611459140
خوشاب,29871,0.0,خراسان رضوئ,Razavi Khorasan,بیمارستان حشمتیه سبزوار,34.75,41.24,36.4042,58.0404,0.0004100425900345,0.000392652050566,2.607100068238940,7.812285766492070
داورزن,15386,0.0,خراسان رضوئ,Razavi Khorasan,بیمارستان حشمتیه سبزوار,57.14,76.53,36.352,56.8743,0.0003081259590835,0.0003518014773988,1.959101879844220,6.9995143806120500
درگز,59694,0.0,خراسان رضوئ,Razavi Khorasan,بیمارستان امام حسن(ع) بجنورد,217.41,251.95,37.444444,59.108056,7.59121641750204E-07,4.43653066765428E-07,0.00482658663296875,0.00882701244971317
رشتخوار,59364,0.0,خراسان رضوئ,Razavi Khorasan,بیمارستان موسی ابن جعفر مشهد,141.06,208.72,34.974722,59.623611,4.70254975584909E-05,4.5469786666368E-05,0.298993765216916,0.904676205477727
زاوه,80324,0.0,خراسان رضوئ,Razavi Khorasan,بیمارستان موسی ابن جعفر مشهد,122.67,180.04,35.2747322,59.4677727,9.31545291855971E-05,9.0150423246123E-05,0.5922876923007010,1.7936513189061800
زبرخان,49162,0.0,خراسان رضوئ,Razavi Khorasan,بیمارستان 22 بهمن نیشابور,26.84,29.2,36.1061,59.0608,0.0003762156642227,0.0003745237474224,2.3920244084523800,7.45160132739325
سبزوار,191359,1.0,خراسان رضوئ,Razavi Khorasan,بیمارستان حشمتیه سبزوار,4.81,2.11,36.2151823,57.6678228,0.0004833614411229,0.0005518758289968,3.0732701352548700,10.9802347333419
سرخس,72967,0.0,خراسان رضوئ,Razavi Khorasan,بیمارستان امام زمان مشهد,150.79,182.45,36.5372,61.1561,2.80803372785519E-05,2.68978578892066E-05,0.1785381592407880,0.5351652997458470
طرقبه شاندیز,44869,0.0,خراسان رضوئ,Razavi Khorasan,بیمارستان شریعتی مشهد,11.71,8.79,36.3115,59.3829,0.0017851133329423,0.0007708803655324,11.349965113956900,15.337593929882400
فريمان,68972,0.0,خراسان رضوئ,Razavi Khorasan,بیمارستان موسی ابن جعفر مشهد,58.61,79.07,35.706944,59.85,0.0004876079650238,0.0004876061060652,3.1002700445835100,9.701511138364690
فيروزه,38404,0.0,خراسان رضوئ,Razavi Khorasan,بیمارستان 22 بهمن نیشابور,16.96,21.45,36.2844,58.5883,0.00039952082334,0.0003977240985958,2.540201411041120,7.913200274828530
قوچان,130749,0.0,خراسان رضوئ,Razavi Khorasan,بیمارستان امام حسن(ع) بجنورد,97.26,136.44,37.106111,58.509444,0.0002047182218264,0.0001497866609964,1.3016230583473200,2.9801861419691100
كاشمر,125738,0.0,خراسان رضوئ,Razavi Khorasan,بیمارستان 22 بهمن نیشابور,129.44,135.62,35.238333,58.465556,3.64495062622899E-05,3.04877970567586E-05,0.2317503414845180,0.606591466044512
كلات,36597,0.0,خراسان رضوئ,Razavi Khorasan,بیمارستان قائم مشهد,150.35,152.43,36.995130345063,59.76893183224,3.61354256214048E-05,3.40427044750841E-05,0.2297533790221180,0.6773206334723870
گلبهار,15533,0.0,خراسان رضوئ,Razavi Khorasan,بیمارستان شریعتی مشهد,42.88,46.25,36.5724,59.1928,0.0007215868653716,0.0006112459367413,4.587936013652470,12.16147457920260
گناباد,41582,0.0,خراسان رضوئ,Razavi Khorasan,بیمارستان رازی بیرجند,141.15,217.49,34.353,58.6838,3.18513995661946E-05,3.21081699105712E-05,0.2025150264891870,0.6388307368289190
مشهد,2079331,8.0,خراسان رضوئ,Razavi Khorasan,بیمارستان قائم مشهد,5.72,3.55,36.2972,59.6067,0.0008197996045849,0.0008321589370942,5.212384413228200,16.556804963450600
مه ولات,43025,0.0,خراسان رضوئ,Razavi Khorasan,بیمارستان موسی ابن جعفر مشهد,135.49,216.05,35.0210829,58.7818116,5.84247136769517E-05,5.65041406209752E-05,0.37147135130817800,1.1242179759020800
میان جله,36181,0.0,خراسان رضوئ,Razavi Khorasan,بیمارستان 22 بهمن نیشابور,3.47,1.82,36.2140865,58.7960915,0.0004151100900801,0.0004132432572973,2.639319842564270,8.221972640735940
نيشابور,230441,1.0,خراسان رضوئ,Razavi Khorasan,بیمارستان 22 بهمن نیشابور,3.47,1.82,36.2140865,58.7960915,0.0004151100900801,0.0004132432572973,2.639319842564270,8.221972640735940
اسفراين,93179,0.0,خراسان شمالي,North Khorasan,بیمارستان امام حسن(ع) بجنورد,57.6,66.23,37.076389,57.51,0.000209931538346,0.000217995845962,1.3347699513392300,4.3372900819145700
بجنورد,259690,1.0,خراسان شمالي,North Khorasan,بیمارستان امام حسن(ع) بجنورد,11.84,9.52,37.475,57.333333,0.0003263959606217,0.0003389341311691,2.0752647453966900,6.743503019770030
جاجرم,24515,0.0,خراسان شمالي,North Khorasan,بیمارستان امام حسن(ع) بجنورد,118.19,135.54,36.95,56.38,4.78207568580881E-05,4.96577428429946E-05,0.30405011942166600,0.9880006408962880
راز و جرگلان,59301,0.0,خراسان شمالي,North Khorasan,بیمارستان امام حسن(ع) بجنورد,104.48,115.64,37.9352,57.1094,7.30731197900602E-05,7.58801497441466E-05,0.46460767788797000,1.5097270291877400
شيروان,117390,0.0,خراسان شمالي,North Khorasan,بیمارستان امام حسن(ع) بجنورد,54.29,70.9,37.4092357,57.9276184,0.0002210126167232,0.0002295025927521,1.4052247794363000,4.5662306771243700
فاروج,44406,0.0,خراسان شمالي,North Khorasan,بیمارستان امام حسن(ع) بجنورد,75.11,105.7,37.231111,58.218889,0.0001520239573341,0.0001578638038222,0.9665865916668270,3.140890632983390
گرمه,16243,0.0,خراسان شمالي,North Khorasan,بیمارستان امام حسن(ع) بجنورد,121.64,158.25,36.9857,56.2901,4.26292760076463E-05,6.06604232117308E-05,0.27104206023857200,1.206912227157040
مانه وسملقان,98488,0.0,خراسان شمالي,North Khorasan,بیمارستان امام حسن(ع) بجنورد,105.83,91.66,37.6620614,56.741207,7.02476921558739E-05,7.29461861664417E-05,0.44664326941695800,1.4513522878245700
آبادان,153439,0.0,خوزستان,Khuzestan,بیمارستان گلستان اهواز,79.69,118.73,30.3666,48.2755,0.0003434697784382,0.0003434113714973,2.1838221310837500,6.83258311202663
آغاجاري,10992,0.0,خوزستان,Khuzestan,بیمارستان آریا اهواز,121.6,146.44,30.6998,49.8277,0.0001011187543125,0.0001009967235608,0.6429251928346620,2.0094515355236800
اميديه,35342,0.0,خوزستان,Khuzestan,بیمارستان آریا اهواز,102.43,129.82,30.7566,49.7007,0.0001858977615787,0.0001856938500668,1.1819603101631900,3.6946029435242400
انديكا,41864,0.0,خوزستان,Khuzestan,بیمارستان گنجویان دزفول,146.39,171.32,32.338,49.6095,3.0676749306953E-05,3.3519417805449E-05,0.19504645896607200,0.6669092145199270
انديمشك,89117,0.0,خوزستان,Khuzestan,بیمارستان گنجویان دزفول,9.37,8.56,32.46,48.359167,0.0006381463787358,0.0006302251587459,4.057411371361580,12.539089074560200
اهواز,669848,5.0,خوزستان,Khuzestan,بیمارستان گلستان اهواز,4.73,3.84,31.3183272,48.6706187,0.0008571214032672,0.0008567277728175,5.449680894755240,17.04563156029060
ايذه,135327,0.0,خوزستان,Khuzestan,بیمارستان آریا اهواز,132.42,179.21,31.834167,49.867222,6.85711737672782E-05,6.84842452795511E-05,0.4359837640105960,1.3625765963915600
باغ ملك,92309,0.0,خوزستان,Khuzestan,بیمارستان آریا اهواز,104.85,140.57,31.526,49.8906,0.0001730794917234,0.0001728871387738,1.1004602098647100,3.439797987824520
باوئ,86292,0.0,خوزستان,Khuzestan,بیمارستان آریا اهواز,27.76,37.73,31.5836,48.889,0.0007576333012084,0.001100772070591,4.817123584928880,21.901186984338900
بندرماهشهر,94745,0.0,خوزستان,Khuzestan,بیمارستان آریا اهواز,73.03,115.29,30.554760877819,49.1857352138757,0.0003880944828469,0.0003877351350408,2.467551364915970,7.714457806298830
بهبهان,79985,0.0,خوزستان,Khuzestan,بیمارستان آریا اهواز,151.43,199.48,30.595833,50.241667,3.20511250981015E-05,3.06504627921905E-05,0.2037849054249820,0.6098278968941110
حميديه,72642,0.0,خوزستان,Khuzestan,بیمارستان مهر اهواز,29.75,33.13,31.481,48.4355,0.000751128034202,0.000750803189631,4.7757623154693500,14.938134318504500
خرمشهر,104906,0.0,خوزستان,Khuzestan,بیمارستان گلستان اهواز,90.44,126.95,30.4256,48.1891,0.0002652073733112,0.0002651728280014,1.6862203533514000,5.2759329968342400
دزفول,263691,1.0,خوزستان,Khuzestan,بیمارستان گنجویان دزفول,6.95,5.6,32.3830777,48.4235841,0.0006416564424723,0.0006336916525618,4.079728778453810,12.608059146812600
دشت آزادگان,89499,0.0,خوزستان,Khuzestan,بیمارستان گلستان اهواز,80.09,119.58,31.7401258842714,48.0170188192563,0.000340377456738,0.0003403200672744,2.1641607780644700,6.771077888901860
رامشير,31187,0.0,خوزستان,Khuzestan,بیمارستان آریا اهواز,81.3,105.34,30.8900695963237,49.4081914870143,0.000323228567854,0.0003229136080397,2.055126081507860,6.424755404329960
رامهرمز,70814,0.0,خوزستان,Khuzestan,بیمارستان آریا اهواز,65.08,95.99,31.28,49.603611,0.0004544445206545,0.0004540449324329,2.889412879548620,9.033771141345840
شادگان,123322,0.0,خوزستان,Khuzestan,بیمارستان گلستان اهواز,71.8,93.95,30.6527183565404,48.664247271482,0.0004068146724258,0.0004067341354541,2.5865765801368800,8.092465816934330
شوش,145592,0.0,خوزستان,Khuzestan,بیمارستان گنجویان دزفول,28.25,37.4,32.194167,48.243611,0.0005781999197469,0.0005710228066032,3.6762645804697000,11.36118692857480
شوشتر,107390,0.0,خوزستان,Khuzestan,بیمارستان گنجویان دزفول,54.14,64.31,32.04,48.85,0.0004704454478661,0.0005944258856309,2.99114869782481,11.826819390997100
كارون,79309,0.0,خوزستان,Khuzestan,بیمارستان گلستان اهواز,19.05,23.97,31.123398372559,48.5941719048834,0.0008102495983099,0.0008099336760333,5.151664325568180,16.11460660897270
گتوند,49068,0.0,خوزستان,Khuzestan,بیمارستان گنجویان دزفول,49.82,62.54,32.2434,48.8137,0.0004576180949532,0.0004519377468038,2.9095908463544700,8.991846143695010
لالي,29522,0.0,خوزستان,Khuzestan,بیمارستان گنجویان دزفول,86.17,88.8,32.328889,49.093611,0.0002303210850739,0.0002274621422921,1.464409139944480,4.525633456091360
مسجدسليمان,53413,0.0,خوزستان,Khuzestan,بیمارستان گنجویان دزفول,101.01,127.73,31.936389,49.303889,0.000171609022931,0.000201445892088,1.0911107925549500,4.008008803745830
هفتگل,14095,0.0,خوزستان,Khuzestan,بیمارستان آریا اهواز,75.99,99.54,31.4473,49.5295,0.0003642942258223,0.0003639505802982,2.3162264703294800,7.241235424777790
هنديجان,19365,0.0,خوزستان,Khuzestan,بیمارستان آریا اهواز,118.62,189.5,30.2422983823467,49.7080199680474,0.000111898003384,0.0001117648529346,0.711460953930863,2.2236964470615700
هويزه,34915,0.0,خوزستان,Khuzestan,بیمارستان مهر اهواز,60.76,76.48,31.4601,48.0735,0.0005021621027482,0.0005019612160036,3.1928070014182900,9.987123351229840
ابهر,74674,0.0,زنجان,Zanjan,بیمارستان بو علی قزوین,60.92,90.99,36.1463189747136,49.223222275087,0.0004249007707525,0.0004120431376713,2.7015701669683000,8.19809481440402
ايجرود,30075,0.0,زنجان,Zanjan,بیمارستان موسوی زنجان,35.54,44.57,36.4160928,48.2469249,0.0005967148928916,0.0005863970892801,3.793985004938120,11.66707681136960
خدابنده,152530,0.0,زنجان,Zanjan,بیمارستان بهمن زنجان,66.19,82.53,36.114722,48.591111,0.0003485279886266,0.0003425229878306,2.2159828393805100,6.814907648306170
خرمدره,30761,0.0,زنجان,Zanjan,بیمارستان بهمن زنجان,55.09,86.13,36.2028,49.1995,0.0004601343079368,0.0004471360862155,2.92558923091422,8.89631131937554
زنجان,263645,2.0,زنجان,Zanjan,بیمارستان موسوی زنجان,6.89,4.6,36.683,48.5087,0.0007073819781249,0.0006951530306207,4.49761963332944,13.830907335957200
سلطانيه,25044,0.0,زنجان,Zanjan,بیمارستان بهمن زنجان,30.92,40.47,36.434,48.7946,0.0005913006874462,0.0005810948715656,3.759560836012220,11.561582799757700
طارم,39647,0.0,زنجان,Zanjan,بیمارستان بهمن زنجان,80.6,84.53,36.9261,48.9536,0.0002543547670202,0.0002499757004053,1.617218178237210,4.973567827877560
ماهنشان,30047,0.0,زنجان,Zanjan,بیمارستان بهمن زنجان,101.52,118.8,36.7419,47.6779,0.0001650205572507,0.000162170366293,1.0492205359275700,3.2265748835677000
آرادان,3776,0.0,سمنان,Semnan,بیمارستان کوثر سمنان,66.33,100.32,35.2472,52.4921,0.0017112568060744,0.0017324587643131,10.880376439714600,34.469355058678600
دامغان,33689,0.0,سمنان,Semnan,بیمارستان امام حسین شاهرود,50.21,74.51,36.1629,54.334,0.0018690974281338,0.0018111102001555,11.88394608477830,36.03422016471850
سرخه,2117,0.0,سمنان,Semnan,بیمارستان کوثر سمنان,19.36,25.45,35.4641,53.2088,0.0029928805281287,0.0030299614196381,19.029094095954300,60.28473412411240
سمنان,59884,1.0,سمنان,Semnan,بیمارستان کوثر سمنان,6.4,4.21,35.5764863629038,53.3959504668685,0.0031349220551253,0.0031737627985242,19.932211195801100,63.14583586509260
شاهرود,92217,1.0,سمنان,Semnan,بیمارستان امام حسین شاهرود,4.5,3.02,36.4183,54.9692,0.002645309758682,0.0025632411742728,16.819197371162600,50.99877235581100
گرمسار,25753,0.0,سمنان,Semnan,بیمارستان کوثر سمنان,78.48,114.99,35.218333,52.340833,0.0028072086489347,0.0008649200125052,17.84856997314060,17.208626042086000
مهدئ شهر,7857,0.0,سمنان,Semnan,بیمارستان کوثر سمنان,17.91,15.86,35.7,53.35,0.0030154288982336,0.0030527891572813,19.17245934304780,60.73891947629410
ميامي,28650,0.0,سمنان,Semnan,بیمارستان امام حسین شاهرود,43.41,63.65,36.4104,55.6535,0.0020418873352349,0.0019785394408811,12.982565080810800,39.36542669306770
ايرانشهر,202837,0.0,سيستان وبلوچستان,Sistan and Baluchestan,بیمارستان علی ابن ابیطالب زاهدان,224.46,318.7,27.203,60.6853,1.82270633386213E-07,1.81584140743782E-07,0.0011588985931899400,0.0036128353235590000
بمپور,14342,0.0,سيستان وبلوچستان,Sistan and Baluchestan,بیمارستان علی ابن ابیطالب زاهدان,243.97,343.3,27.195,60.4548,5.1222423679805E-08,5.10295027669274E-08,0.00032567832590155800,0.0010152934578132400
چاه بهار,253701,0.0,سيستان وبلوچستان,Sistan and Baluchestan,بیمارستان علی ابن ابیطالب زاهدان,505.22,626.96,25.291944,60.643056,8.0081708758783E-20,7.97800940508356E-20,0.0,0.0
خاش,177599,0.0,سيستان وبلوچستان,Sistan and Baluchestan,بیمارستان علی ابن ابیطالب زاهدان,122.4,172.91,28.216667,61.2,2.48902908129243E-05,2.47965455880705E-05,0.1582554604179090,0.4933571590333330
دلگان,76883,0.0,سيستان وبلوچستان,Sistan and Baluchestan,بیمارستان امام رضا بندرعباس,323.25,388.31,27.6077357,59.4720904,1.36007956078503E-10,1.22739428054058E-10,8.64754930298068E-07,2.44204884392844E-06
راسک,58876,0.0,سيستان وبلوچستان,Sistan and Baluchestan,بیمارستان علی ابن ابیطالب زاهدان,370.44,482.8,26.237,61.4002,1.0530075027043E-12,1.04904152151687E-12,6.69514774829727E-09,2.08719437780269E-08
زابل,111398,0.0,سيستان وبلوچستان,Sistan and Baluchestan,بیمارستان علی ابن ابیطالب زاهدان,152.38,221.79,31.028611,61.501111,7.92739443746466E-06,7.89753719796392E-06,0.05040332658403110,0.15713102058949800
زاهدان,615250,1.0,سيستان وبلوچستان,Sistan and Baluchestan,بیمارستان علی ابن ابیطالب زاهدان,7.55,5.98,29.4519,60.8842,0.0001978206449015,0.0001970755856743,1.2577674352763700,3.9210562905939400
زرآباد,6792,0.0,سيستان وبلوچستان,Sistan and Baluchestan,بیمارستان امام رضا بندرعباس,407.9,498.45,25.5808,59.3886,2.40612163777781E-14,2.41019723540497E-14,1.52983596348152E-10,4.79536200128377E-10
زهك,75114,0.0,سيستان وبلوچستان,Sistan and Baluchestan,بیمارستان علی ابن ابیطالب زاهدان,164.2,226.58,30.8914,61.6792,4.71432420943365E-06,4.69656847542601E-06,0.0299742399126896,0.09344389007783390
سراوان,223884,0.0,سيستان وبلوچستان,Sistan and Baluchestan,بیمارستان علی ابن ابیطالب زاهدان,230.28,327.32,27.3689,62.3385,1.26205443011375E-07,1.25730110773524E-07,0.0008024293746149330,0.002501552082560040
سرباز,147233,0.0,سيستان وبلوچستان,Sistan and Baluchestan,بیمارستان علی ابن ابیطالب زاهدان,316.95,423.79,26.6336,61.2568,1.73883447567052E-10,1.73228543893445E-10,1.10557185723259E-06,3.44659065255072E-06
سيب و سوران,106908,0.0,سيستان وبلوچستان,Sistan and Baluchestan,بیمارستان علی ابن ابیطالب زاهدان,256.63,314.95,27.2879,61.9995,2.12414769879977E-08,2.1161474425897E-08,0.00013505586358733300,0.00042103303730744100
فنوج,54449,0.0,سيستان وبلوچستان,Sistan and Baluchestan,بیمارستان علی ابن ابیطالب زاهدان,370.91,473.52,26.5759,59.6452,1.00326198638224E-12,9.20717203085623E-13,6.37885977687723E-09,1.83187768076007E-08
قصرقند,66452,0.0,سيستان وبلوچستان,Sistan and Baluchestan,بیمارستان علی ابن ابیطالب زاهدان,444.05,550.65,26.2356,60.7406,2.54711594282192E-16,2.53752264563696E-16,1.61897775972522E-12,5.04711980216637E-12
كنارك,77391,0.0,سيستان وبلوچستان,Sistan and Baluchestan,بیمارستان علی ابن ابیطالب زاهدان,482.52,605.36,25.359,60.3991,1.80293684552268E-18,1.7911060524322E-18,1.0954120020179E-14,3.4048892415612E-14
گلشن,2498,0.0,سيستان وبلوچستان,Sistan and Baluchestan,بیمارستان علی ابن ابیطالب زاهدان,315.38,407.09,27.6031,62.7102,1.99590606799291E-10,1.98838881299026E-10,1.26902106523549E-06,3.95613918056749E-06
مهرستان,89178,0.0,سيستان وبلوچستان,Sistan and Baluchestan,بیمارستان علی ابن ابیطالب زاهدان,261.45,323.5,27.1284,61.6724,1.50162050439102E-08,1.49596489542738E-08,9.54748363850826E-05,0.0002976402451689830
ميرجاوه,49638,0.0,سيستان وبلوچستان,Sistan and Baluchestan,بیمارستان علی ابن ابیطالب زاهدان,76.45,84.93,29.0149,61.4514,8.85464659325629E-05,8.82129700959235E-05,0.5629890723197270,1.755103353483030
نيك شهر,160657,0.0,سيستان وبلوچستان,Sistan and Baluchestan,بیمارستان علی ابن ابیطالب زاهدان,379.28,487.62,26.2351,60.2284,4.19438151684699E-13,4.17858406227425E-13,2.66683766924347E-09,8.31379500351284E-09
نيمروز,42382,0.0,سيستان وبلوچستان,Sistan and Baluchestan,بیمارستان علی ابن ابیطالب زاهدان,163.16,233.64,31.1084,61.4148,4.94259704835367E-06,4.92398156189182E-06,0.03142562605742010,0.09796854750913960
هامون,34612,0.0,سيستان وبلوچستان,Sistan and Baluchestan,بیمارستان علی ابن ابیطالب زاهدان,140.94,207.23,30.4865,61.2336,1.26338194331426E-05,1.25862362107358E-05,0.08032734234629870,0.25041833822362800
هيرمند,68592,0.0,سيستان وبلوچستان,Sistan and Baluchestan,بیمارستان علی ابن ابیطالب زاهدان,186.47,254.58,31.2187,61.6538,1.59354929006508E-06,1.58754744630859E-06,0.010131977906297600,0.031586169741248200
آباده,43296,1.0,فارس,Fars,بیمارستان امام خمینی آباده,4.47,3.09,31.1627,52.6483,0.0007693578391116,0.0007597280040433,4.891669606026170,15.1157042573378
ارسنجان,28784,0.0,فارس,Fars,بیمارستان شهید بهشتی شیراز,101.45,140.45,29.9198204515981,53.2988831696191,0.0007906475278574,0.00053869039648,5.027032005764430,10.717894662463500
استهبان,44204,0.0,فارس,Fars,بیمارستان ولی عصر فسا,53.86,69.68,29.1267,54.0394,0.0004438872454754,0.0004566973478147,2.8222884551381400,9.086544142032310
اقليد,61628,0.0,فارس,Fars,بیمارستان امام خمینی آباده,44.3,49.94,30.898889,52.686667,0.0005874336251465,0.0005800808841511,3.734973589149440,11.541408298098400
بوانات,35866,0.0,فارس,Fars,بیمارستان امام خمینی آباده,93.95,133.88,30.4855330344076,53.593003684445,0.0002264251219451,0.0002235910225588,1.4396381381368500,4.4486128635610200
پاسارگاد,18788,0.0,فارس,Fars,بیمارستان شهید بهشتی شیراز,78.43,111.55,30.0799,53.14,0.0014266442431836,0.000968917933531,9.070775558811370,19.277790018190200
جهرم,134458,1.0,فارس,Fars,بیمارستان پیمانیه جهرم,7.65,3.96,28.5,53.560556,0.0010731392182491,0.0010731392182491,6.823148124422180,21.351398084148500
خرامه,34470,0.0,فارس,Fars,بیمارستان شهید بهشتی شیراز,64.12,81.09,29.4977,53.3151,0.0008690952418739,0.0009791349465491,5.525811999687500,19.481069805631300
خرم بيد,23720,0.0,فارس,Fars,بیمارستان امام خمینی آباده,61.09,90.67,30.6108374383865,53.2168287195983,0.0004594359935195,0.0004536853627764,2.9211492639224000,9.026617069679880
خنج,38928,0.0,فارس,Fars,بیمارستان امیرالمومنین علی (ع) گراش,78.27,89.21,27.891389,53.434444,0.0001261282594995,0.0001261282594995,0.8019386325706750,2.5094737313099500
داراب,168704,0.0,فارس,Fars,بیمارستان ولی عصر فسا,82.35,108.76,28.7521,54.5465,0.0002589396895676,0.0002664124069229,1.6463696668306100,5.300595913406100
رستم,32007,0.0,فارس,Fars,بیمارستان امام سجاد (ع) بویراحمد,71.58,72.55,30.2439,51.5229,0.0001895222000729,0.0002121567460808,1.205004925710960,4.221114152550980
زرين دشت,63836,0.0,فارس,Fars,بیمارستان ولی عصر فسا,106.9,126.46,28.3545047,54.4178006,0.0001340059338177,0.0001359612151584,0.8520258326608300,2.7051122347275200
سپيدان,62286,0.0,فارس,Fars,بیمارستان کوثر شیراز,57.3,82.42,30.2425282,51.9924185,0.0021457617808266,0.0014277475134704,13.643011289990300,28.406757488089100
سروستان,19599,0.0,فارس,Fars,بیمارستان ولی عصر فسا,45.34,65.69,29.2739392773833,53.220702374903,0.0004991752543511,0.0007139532128818,3.173816260336380,14.204959619840900
شيراز,925140,8.0,فارس,Fars,بیمارستان شهید بهشتی شیراز,5.3,4.12,29.5917677,52.5836982,0.0014502885274069,0.0015132164606285,9.221108759581660,30.107265198154000
فراشبند,33839,0.0,فارس,Fars,بیمارستان شهید حجازی شیراز,125.28,173.38,28.871389,52.091667,0.000154179133838,0.0001493214474358,0.9802894628976220,2.970930157510060
فسا,141821,1.0,فارس,Fars,بیمارستان ولی عصر فسا,3.79,2.22,28.938333,53.648333,0.0006628033148899,0.000681931096508,4.2141831348130500,13.567841021837000
فيروزآباد,94704,0.0,فارس,Fars,بیمارستان شهید حجازی شیراز,82.03,116.76,28.843889,52.570833,0.000576891989043,0.0005954620359628,3.667948599861190,11.847434850608600
قيروكارزين,54860,0.0,فارس,Fars,بیمارستان پیمانیه جهرم,91.91,78.22,28.42998,53.09516,0.0003346934122245,0.0003346934122245,2.1280209399131000,6.6591288054934600
كازرون,182796,0.0,فارس,Fars,بیمارستان دنا شیراز,102.77,117.5,29.619444,51.654167,0.0003659049598943,0.0003743039709948,2.3264677111446700,7.447228610493710
كوار,41776,0.0,فارس,Fars,بیمارستان شهید حجازی شیراز,40.2,55.75,29.2112990558848,52.6878849009951,0.0012728627731648,0.0014309506816037,8.09301449026928,28.470488378528600
گراش,38686,1.0,فارس,Fars,بیمارستان امیرالمومنین علی (ع) گراش,2.09,2.27,27.664,54.1482,0.0002951703850921,0.0002951703850921,1.8767287833465800,5.872770547921520
لارستان,167352,0.0,فارس,Fars,بیمارستان امیرالمومنین علی (ع) گراش,15.24,20.8,27.662884023685,54.3212573807363,0.0002859741570424,0.0002859741570424,1.818258060161710,5.689800507666990
لامرد,73785,0.0,فارس,Fars,بیمارستان امیرالمومنین علی (ع) گراش,130.28,150.02,27.3423771,53.1803558,2.79611270108512E-05,2.79611270108512E-05,0.1777802060315100,0.5563203203627020
مرودشت,212017,0.0,فارس,Fars,بیمارستان شهید بهشتی شیراز,37.82,45.54,29.874167,52.8025,0.0028245085293296,0.001954524631884,17.958564691870400,38.88762312565320
ممسني,82042,0.0,فارس,Fars,بیمارستان امام سجاد (ع) بویراحمد,87.78,92.01,30.1130119418711,51.5304995274798,0.0001324156936319,0.0002577036546397,0.8419148944371520,5.127324791027200
مهر,46268,0.0,فارس,Fars,بیمارستان امیرالمومنین علی (ع) گراش,157.02,190.9,27.5531,52.8805,9.6197179656307E-06,9.6197179656307E-06,0.061163322967316100,0.19139588251795500
ني ريز,78674,0.0,فارس,Fars,بیمارستان ولی عصر فسا,78.83,111.89,29.1998,54.3272,0.0002801693626399,0.0002882547452328,1.7813504797037900,5.735175558257990
آبيك,35000,0.0,قزوين,Qazvin,بیمارستان پاستور قزوین,36.29,55.27,36.0404,50.5446,0.0007961894294107,0.0007173028499495,5.0622680818914700,14.271604686253300
البرز,73693,0.0,قزوين,Qazvin,بیمارستان پاستور قزوین,14.34,16.03,36.2172428100879,50.1743407247614,0.0008255405395915,0.0007930702982406,5.248885967972070,15.779089384205900
آوج,28267,0.0,قزوين,Qazvin,بیمارستان بو علی قزوین,87.4,117.99,35.5796,49.2231,0.0002780310131703,0.0002671053307495,1.7677545967794300,5.314382468041450
بوئين زهرا,82768,0.0,قزوين,Qazvin,بیمارستان پاستور قزوین,43.43,62.23,35.766944,50.057778,0.0006564999645809,0.000630653114666,4.174105675982870,12.547603773359000
تاكستان,109230,0.0,قزوين,Qazvin,بیمارستان بو علی قزوین,27.29,37.2,36.0672,49.6961,0.0007656808378006,0.00073542339217,4.868290789771950,14.632134712433600
قزوين,272423,3.0,قزوين,Qazvin,بیمارستان بو علی قزوین,33.57,32.97,36.0881317,49.8547266,0.0007250837329756,0.0006964101393598,4.610169518148300,13.855919029377000
قم,618595,2.0,قم,Qom,بیمارستان  ولی عصر (عج) قم,6.72,4.3,34.6399443,50.8759419,0.0011151290966234,0.0011084710715623,7.09012481766219,22.05436788742500
بانه,140438,0.0,كردستان,Kurdistan,بیمارستان امیرالمومنین مراغه,173.52,217.47,35.9969,45.8853,2.16225190180342E-06,2.64169555919673E-06,0.01374785746101880,0.052559716896342600
بيجار,52898,0.0,كردستان,Kurdistan,بیمارستان توحید سنندج,113.48,142.66,35.8723,47.6027,0.0001009447811037,9.52369043004741E-05,0.6418190502642130,1.8948529896606300
دهگلان,55686,0.0,كردستان,Kurdistan,بیمارستان توحید سنندج,40.23,53.46,35.2818,47.4196,0.0004242504803522,0.0003615375410726,2.697435542448310,7.193225101212770
ديواندره,66175,0.0,كردستان,Kurdistan,بیمارستان توحید سنندج,81.01,98.15,35.913889,47.023889,0.0002134994267094,0.0001819398240607,1.3574550143589200,3.6199120718167800
سروآباد,43639,0.0,كردستان,Kurdistan,بیمارستان توحید سنندج,99.43,96.38,35.3109529746731,46.3684901000047,0.0001345597691722,9.52929873472464E-05,0.8555471844072140,1.8959688294669100
سقز,161682,0.0,كردستان,Kurdistan,بیمارستان امیرالمومنین مراغه,120.15,155.49,36.246389,46.266389,1.90673815091303E-05,2.12655367785835E-05,0.1212327032404330,0.4231034832306730
سنندج,309132,1.0,كردستان,Kurdistan,بیمارستان توحید سنندج,8.24,4.9,35.3218748,46.9861647,0.0005261987216112,0.0004484157372525,3.3456347129803700,8.9217715189798
قروه,95657,0.0,كردستان,Kurdistan,بیمارستان بوعلی همدان,55.05,84.43,35.1678934,47.8038272,0.0004741266585706,0.0004447394730451,3.0145542779088100,8.848627811975250
كامياران,77523,0.0,كردستان,Kurdistan,بیمارستان امام علی کرمانشاه,42.96,60.67,34.795556,46.935556,0.0002911645231161,0.0002825983022869,1.8512590314603000,5.622633808758570
مريوان,162049,0.0,كردستان,Kurdistan,بیمارستان توحید سنندج,103.18,112.34,35.526944,46.176389,0.0001210837480865,0.0001031850818665,0.7698650227342970,2.0529915614040000
ارزوئيه,28444,0.0,كرمان,Kerman,بیمارستان شهید محمدی بندرعباس,182.3,233.26,28.4582,56.3628,3.19774409686169E-06,3.20342781265367E-06,0.02033164128740170,0.06373605707318700
انار,13831,0.0,كرمان,Kerman,بیمارستان علی ابن ابیطالب رفسنجان,67.11,98.75,30.8734,55.2655,0.0005890289903287,0.00075817996777,3.745117112716170,15.084904210002000
بافت,41111,0.0,كرمان,Kerman,بیمارستان راضیه فیروز کرمان,113.14,158.09,29.233056,56.602222,0.0001839546735034,0.0001759965229345,1.1696059226511900,3.50166293310158
بردسير,36407,0.0,كرمان,Kerman,بیمارستان شفا کرمان,58.99,67.69,29.9275,56.572222,0.0007223019419901,0.0006902889294378,4.592482556734090,13.734130180755300
بم,97360,0.0,كرمان,Kerman,بیمارستان راضیه فیروز کرمان,133.9,189.98,29.106111,58.356944,8.50616556789323E-05,8.14651115865443E-05,0.5408322299066610,1.6208465759846400
جيرفت,172766,0.0,كرمان,Kerman,بیمارستان راضیه فیروز کرمان,171.95,234.89,28.6751124,57.7371569,1.62989443843815E-05,1.5616757451687E-05,0.10363064727780700,0.31071421066745700
رابر,16974,0.0,كرمان,Kerman,بیمارستان راضیه فیروز کرمان,128.73,171.75,29.2903,56.913,0.0001076051919432,0.0001029600650426,0.684166742860484,2.0485145805044000
راور,14286,0.0,كرمان,Kerman,بیمارستان مهرگان کرمان,90.11,131.58,31.265556,56.805556,0.0003783035013531,0.000361613227501,2.4052991278533100,7.194730973922340
رفسنجان,141081,1.0,كرمان,Kerman,بیمارستان علی ابن ابیطالب رفسنجان,3.4,2.94,30.4039,55.9863,0.0010992583140959,0.0013951103351267,6.9892164749288900,27.757401490927200
رودبارجنوب,130113,0.0,كرمان,Kerman,بیمارستان امام رضا بندرعباس,252.53,297.61,27.8872,58.5544,4.03700183193942E-08,4.04394778335376E-08,0.00025667742832820300,0.0008045921487670710
ريگان,59249,0.0,كرمان,Kerman,بیمارستان راضیه فیروز کرمان,215.17,274.88,28.6532,59.02,1.53683362536314E-06,1.47321849871969E-06,0.009771372893773840,0.029311457540816900
زرند,61794,0.0,كرمان,Kerman,بیمارستان مهرگان کرمان,59.76,84.27,30.8166,56.5729,0.0007177501206664,0.0006628881267485,4.563541529699230,13.188958188067400
سيرجان,94350,0.0,كرمان,Kerman,بیمارستان علی ابن ابیطالب رفسنجان,109.54,142.72,29.4457,55.6809,0.0002079852446755,0.00016334406936,1.3223951822676900,3.24992712062133
شهربابك,30031,0.0,كرمان,Kerman,بیمارستان علی ابن ابیطالب رفسنجان,91.62,134.29,30.116389,55.118611,0.0003431377695487,0.0004354891316545,2.1817111786619600,8.66458112158663
عنبرآباد,82459,0.0,كرمان,Kerman,بیمارستان راضیه فیروز کرمان,192.09,262.6,28.479,57.837,4.62124466049146E-06,4.44311840769846E-06,0.02938242895378800,0.08840119552480610
فارياب,34252,0.0,كرمان,Kerman,بیمارستان امام رضا بندرعباس,152.66,179.48,28.0977,57.232,1.17690605865539E-05,1.17894911223019E-05,0.07482910166900240,0.2345661344597040
فهرج,40532,0.0,كرمان,Kerman,بیمارستان راضیه فیروز کرمان,184.55,250.3,28.9459,58.885,8.63583177247078E-06,6.93259866305381E-06,0.054907656303249,0.13793240550280300
قلعه گنج,84009,0.0,كرمان,Kerman,بیمارستان امام رضا بندرعباس,167.54,195.93,27.523611,57.881111,6.02216968499899E-06,6.0326106111496E-06,0.038289678629203200,0.12002605855320900
كرمان,362631,5.0,كرمان,Kerman,بیمارستان راضیه فیروز کرمان,1.78,1.04,30.2851339509893,57.0778245321547,0.0011872987735416,0.0011352625417204,7.548988297190970,22.587416475043000
كهنوج,85408,0.0,كرمان,Kerman,بیمارستان امام رضا بندرعباس,151.96,197.0,27.9467603,57.7062572,1.21275579406554E-05,1.21486120598099E-05,0.07710847093223660,0.24171127832053200
كوهبنان,5215,0.0,كرمان,Kerman,بیمارستان مهرگان کرمان,125.82,174.51,31.4105651450939,56.2803563879179,0.0001283224090488,0.0001166241807278,0.8158892991080830,2.3203786299224900
منوجان,61095,0.0,كرمان,Kerman,بیمارستان امام رضا بندرعباس,117.53,148.89,27.3989826707832,57.4957969187369,4.4856675929893E-05,4.49347731726368E-05,0.28520413664335800,0.8940314672268180
نرماشير,46132,0.0,كرمان,Kerman,بیمارستان راضیه فیروز کرمان,167.46,227.6,28.9508241489172,58.6941929733204,2.02239065740636E-05,1.9376443957255E-05,0.1285860285997670,0.38551770483381200
اسلام آبادغرب,102025,0.0,كرمانشاه,Kermanshah,بیمارستان امام علی کرمانشاه,53.3,68.73,34.1132,46.5279,0.0002576243293883,0.0002605147987689,1.6380064487246000,5.183255891441550
پاوه,43884,0.0,كرمانشاه,Kermanshah,بیمارستان امام علی کرمانشاه,101.56,122.23,35.043,46.3553,8.78088039799697E-05,8.87315872036237E-05,0.558298928969542,1.7654218658730800
ثلاث باباجاني,35533,0.0,كرمانشاه,Kermanshah,بیمارستان امام علی کرمانشاه,122.5,125.61,34.7358371,46.1493969,4.6737250542903E-05,4.72472726457548E-05,0.2971610560489600,0.9400414312466620
جوانرود,63900,0.0,كرمانشاه,Kermanshah,بیمارستان امام علی کرمانشاه,72.33,91.45,34.8077,46.4941,0.0001798127057263,0.0001817405162125,1.1432707937237,3.6159466019729400
دالاهو,34956,0.0,كرمانشاه,Kermanshah,بیمارستان امام علی کرمانشاه,77.4,106.0,34.284167,46.242222,0.0001660473364893,0.0001679053453858,1.0557489217296300,3.3406792043606900
روانسر,43179,0.0,كرمانشاه,Kermanshah,بیمارستان امام علی کرمانشاه,52.08,68.02,34.7152,46.6518,0.0002571825098265,0.00025997838842,1.6351973068507700,5.1725833610735800
سرپل ذهاب,74858,0.0,كرمانشاه,Kermanshah,بیمارستان امام علی کرمانشاه,105.83,149.31,34.461111,45.862778,8.03908475611349E-05,7.94923889672336E-05,0.5111346705345570,1.58159688196709
سنقر,67163,0.0,كرمانشاه,Kermanshah,بیمارستان امام علی کرمانشاه,74.5,93.19,34.783611,47.600278,0.0001751773744802,0.0002043056630269,1.113798800565620,4.064907393143720
صحنه,47946,0.0,كرمانشاه,Kermanshah,بیمارستان امام علی کرمانشاه,44.36,64.99,34.4780439523753,47.6870976547344,0.000289605209572,0.0002928332423077,1.8413447285414600,5.826270275523840
قصرشيرين,15103,0.0,كرمانشاه,Kermanshah,بیمارستان امام علی کرمانشاه,125.36,178.94,34.5159031,45.5776859,4.95605224514057E-05,5.02875578262092E-05,0.31511175815699000,1.0005315690343100
كرمانشاه,639955,2.0,كرمانشاه,Kermanshah,بیمارستان امام علی کرمانشاه,3.23,2.83,34.3277,47.0778,0.0003829034029399,0.0003872201119893,2.434545854979460,7.704210801988410
كنگاور,54722,0.0,كرمانشاه,Kermanshah,بیمارستان بوعلی همدان,65.71,88.65,34.5029,47.968,0.0003618565634679,0.0003491050251206,2.3007275201107600,6.945865212798870
گيلانغرب,45665,0.0,كرمانشاه,Kermanshah,بیمارستان مصطفی خمینی ایلام,84.16,92.32,34.142222,45.920278,0.0002655655612186,0.0002711652395538,1.6884977551153200,5.395159246666110
هرسين,57819,0.0,كرمانشاه,Kermanshah,بیمارستان امام علی کرمانشاه,41.91,54.95,34.2719149,47.6046183,0.0002983597511197,0.0003016875753567,1.897007155862700,6.002437902690870
باشت,17551,0.0,كهگيلويه وبويراحمد,Kohgiluyeh and Boyer-Ahmad,بیمارستان امام سجاد (ع) بویراحمد,95.07,106.52,30.3612,51.1558,0.000110036325538,0.0001231779114417,0.6996241824410110,2.450773000968860
بهمئي,33093,0.0,كهگيلويه وبويراحمد,Kohgiluyeh and Boyer-Ahmad,بیمارستان آریا اهواز,178.44,203.9,31.0488,50.1421,9.15287383679435E-06,9.13896629162304E-06,0.05819507188870550,0.18183074856627100
بويراحمد,205478,1.0,كهگيلويه وبويراحمد,Kohgiluyeh and Boyer-Ahmad,بیمارستان امام سجاد (ع) بویراحمد,6.89,4.58,30.724586,50.8456323,0.0003835758256032,0.0004293861036011,2.4388211990875600,8.543154023153420
چرام,28062,0.0,كهگيلويه وبويراحمد,Kohgiluyeh and Boyer-Ahmad,بیمارستان امام سجاد (ع) بویراحمد,151.49,197.03,30.7523,50.7469,1.59385226619807E-05,1.78420528254715E-05,0.10133904264964600,0.35498914403351800
دنا,34830,0.0,كهگيلويه وبويراحمد,Kohgiluyeh and Boyer-Ahmad,بیمارستان امام سجاد (ع) بویراحمد,44.71,51.54,30.9516666,51.4375,0.0002925085765809,0.0003274427364406,1.859804684924010,6.514867872327930
كهگيلويه,108008,0.0,كهگيلويه وبويراحمد,Kohgiluyeh and Boyer-Ahmad,بیمارستان امام سجاد (ع) بویراحمد,129.62,176.31,30.7924,50.5629,3.74351691018996E-05,4.19060335020752E-05,0.2380173042802380,0.8337710412730230
گچساران,49741,0.0,كهگيلويه وبويراحمد,Kohgiluyeh and Boyer-Ahmad,بیمارستان امام سجاد (ع) بویراحمد,122.61,148.84,30.366,50.7936,4.78554277200413E-05,5.35707786395554E-05,0.30427056092886700,1.065855204022040
لنده,18582,0.0,كهگيلويه وبويراحمد,Kohgiluyeh and Boyer-Ahmad,بیمارستان امام سجاد (ع) بویراحمد,161.87,206.05,30.9832,50.4223,1.01449730949055E-05,1.13565823954349E-05,0.06450295820681650,0.22595289360124500
مارگون,6414,0.0,كهگيلويه وبويراحمد,Kohgiluyeh and Boyer-Ahmad,بیمارستان امام سجاد (ع) بویراحمد,68.14,82.21,30.9925,51.0824,0.0002026056096134,0.0002268027009857,1.2881908159936400,4.512513076548200
آزادشهر,52543,0.0,گلستان,Golestan,بیمارستان پیامبر اعظم گنبدکاووس,20.79,21.85,37.0872,55.1739,0.000200281129184,0.0002008617326223,1.2734114900567900,3.9963862471523500
آق قلا,117886,0.0,گلستان,Golestan,بیمارستان شفا گرگان,18.89,21.65,37.013889,54.455,0.000831660379197,0.0009041444730475,5.287796643694230,17.989043957518300
بندرگز,20662,0.0,گلستان,Golestan,بیمارستان امیر المومنین کردکوی,15.68,20.0,36.775,53.9462,0.0013100814594685,0.0008698634337707,8.329655370900670,17.306981365926900
تركمن,49186,0.0,گلستان,Golestan,بیمارستان امیر المومنین کردکوی,20.26,24.52,36.8929,54.0699,0.0011266155131117,0.0008595381206903,7.16315683418503,17.101546818224200
راميان,64277,0.0,گلستان,Golestan,بیمارستان پیامبر اعظم گنبدکاووس,27.41,31.11,37.0173,55.14,0.0001915990300684,0.0001921544646022,1.2182096604253000,3.8231446559766400
علي آباد,94129,0.0,گلستان,Golestan,بیمارستان شفا گرگان,35.84,41.7,36.9074,54.8663,0.0006041993926591,0.0006702300258618,3.8415723539814000,13.335034119312800
كردكوئ,32047,1.0,گلستان,Golestan,بیمارستان امیر المومنین کردکوی,2.13,1.77,36.7921,54.1131,0.0013547361994646,0.0009368819862671,8.613575574607390,18.64039623795880
كلاله,100113,0.0,گلستان,Golestan,بیمارستان پیامبر اعظم گنبدکاووس,37.58,37.41,37.380833,55.491667,0.0001747937012006,0.0001753004180556,1.1113593597423100,3.487813087596950
گاليكش,47615,0.0,گلستان,Golestan,بیمارستان پیامبر اعظم گنبدکاووس,30.09,28.72,37.2691,55.4283,0.0001875418509316,0.0001880855239372,1.1924136278631300,3.742188177598240
گرگان,259116,2.0,گلستان,Golestan,بیمارستان شفا گرگان,4.75,2.78,36.8456427,54.4393363,0.0008775131551613,0.0009641532908572,5.579334104072220,19.18299170989330
گميشان,59089,0.0,گلستان,Golestan,بیمارستان امیر المومنین کردکوی,41.3,44.41,37.07,54.0767,0.0007540875709327,0.0006989876865269,4.794579405693840,13.90720243670150
گنبدكاووس,242335,1.0,گلستان,Golestan,بیمارستان پیامبر اعظم گنبدکاووس,5.74,3.37,37.25,55.167222,0.0002117014642866,0.0002123151746174,1.3460233531873800,4.2242662792231900
مراوه تپه,59014,0.0,گلستان,Golestan,بیمارستان پیامبر اعظم گنبدکاووس,114.93,120.31,37.9022,55.9554,3.3959988590453E-05,3.40584366380477E-05,0.21592168892532400,0.6776336438148000
مينودشت,49028,0.0,گلستان,Golestan,بیمارستان پیامبر اعظم گنبدکاووس,24.07,21.32,37.2258,55.3719,0.0001962296786951,0.0001967985372121,1.2476518809264600,3.91554407754232
آستارا,61129,0.0,گيلان,Guilan,بیمارستان قائم (عج) اردبیل,80.12,83.89,38.429167,48.871944,0.0002283660844717,0.0002326874975635,1.4519790111547600,4.62959819676387
آستانه اشرفيه,66577,0.0,گيلان,Guilan,بیمارستان آریا رشت,39.16,36.89,37.2598022,49.9436621,0.0005648031738108,0.0005565128023165,3.5910864597255900,11.072492905973100
املش,22218,0.0,گيلان,Guilan,بیمارستان آریا رشت,72.97,72.43,37.0916334,50.1869377,0.0003236808245351,0.0003185908158038,2.0580015838405800,6.338748243009030
بندرانزلي,47234,0.0,گيلان,Guilan,بیمارستان آریا رشت,30.63,34.25,37.4724467,49.4587312,0.0005940134373479,0.0005769154426467,3.7768088259179500,11.478428024408600
خمام,24038,0.0,گيلان,Guilan,بیمارستان آریا رشت,9.95,9.59,37.3911,49.6596,0.0006913888659249,0.0006805764688198,4.395933503836250,13.54088907139600
رشت,510059,5.0,گيلان,Guilan,بیمارستان پارس رشت,6.93,3.07,37.280833,49.583056,0.000719181112468,0.000709637058315,4.572639947556970,14.119084522946400
رضوانشهر,44675,0.0,گيلان,Guilan,بیمارستان فوق تخصصی قائم رشت,52.95,58.61,37.5512,49.1399,0.0004529408275059,0.000444231114951,2.879852217789080,8.838513415024840
رودبار,40396,0.0,گيلان,Guilan,بیمارستان دکتر حشمت رشت,56.32,65.75,36.8103788726898,49.4157305029665,0.0004168295190305,0.0004035506207997,2.650252178479770,8.02912595614374
رودسر,94442,0.0,گيلان,Guilan,بیمارستان آریا رشت,73.39,72.45,37.1378415,50.2836199,0.0003208135240847,0.0003157640845479,2.0397709429716200,6.2825070179235300
سياهكل,31615,0.0,گيلان,Guilan,بیمارستان دکتر حشمت رشت,40.34,37.1,37.1544,49.8719,0.0005316452734009,0.0005252634600393,3.3802645438508600,10.450749579960900
شفت,35306,0.0,گيلان,Guilan,بیمارستان فوق تخصصی قائم رشت,19.63,20.36,37.1702,49.4019,0.0006430761313034,0.0006421127864014,4.088755330666660,12.775607753621100
صومعه سرا,65065,0.0,گيلان,Guilan,بیمارستان فوق تخصصی قائم رشت,20.14,22.29,37.311667,49.321944,0.00063973140848,0.0006387244231699,4.067489180971350,12.708192183507600
طوالش,158834,0.0,گيلان,Guilan,بیمارستان موسوی زنجان,60.25,49.26,37.0,48.4222222,0.0004254386147871,0.0004180711544466,2.704989843980860,8.318029473056560
فومن,62829,0.0,گيلان,Guilan,بیمارستان فوق تخصصی قائم رشت,20.04,23.11,37.223889,49.3125,0.0006402387618793,0.0006392575831471,4.070714994860160,12.71880004381330
لاهيجان,87431,0.0,گيلان,Guilan,بیمارستان آریا رشت,48.61,44.69,37.2069696213479,50.0034054232847,0.000499012022434,0.0004915513982187,3.1727784121895000,9.780007480586800
لنگرود,80124,0.0,گيلان,Guilan,بیمارستان آریا رشت,62.82,59.9,37.196944,50.153611,0.0003954655301192,0.0003893791536199,2.514417369359530,7.747167537285440
ماسال,39755,0.0,گيلان,Guilan,بیمارستان فوق تخصصی قائم رشت,42.34,45.79,37.3621185,49.1314769,0.0005077144705119,0.0005017589490431,3.2281096229689200,9.983099006280490
ازنا,44382,0.0,لرستان,Lorestan,بیمارستان امیرالمومنین اراک,71.77,84.64,33.455833,49.455556,0.0003874935147813,0.0003148652284074,2.4637303377277800,6.264623191715490
اليگودرز,87867,0.0,لرستان,Lorestan,بیمارستان امیرالمومنین اراک,94.48,111.74,33.400556,49.695,0.0001817820890382,0.0001842405817538,1.1557923695102800,3.6656884189720900
بروجرد,202645,1.0,لرستان,Lorestan,بیمارستان امام خمینی بروجرد,4.58,3.05,33.8942,48.767,0.0002741269457382,0.0002858795356712,1.7429320668374000,5.687917901450190
پلدختر,59505,0.0,لرستان,Lorestan,بیمارستان گنجویان دزفول,96.69,120.3,33.153611,47.713611,0.0001551387834531,0.0001552436283101,0.9863910304855220,3.088759083359790
خرم آباد,347084,2.0,لرستان,Lorestan,بیمارستان شهید مدنی خرم آباد,2.13,1.33,33.4647,48.339,0.0005496074494318,0.000561071010533,3.494470217832040,11.163183951949100
دلفان,131187,0.0,لرستان,Lorestan,بیمارستان فوق تخصصی شفا خرم آباد,66.99,82.15,34.072,47.9738,0.0002616380117228,0.0002184200909244,1.6635259233901100,4.345730946737470
دوره,41034,0.0,لرستان,Lorestan,بیمارستان امام خمینی بروجرد,49.75,58.47,33.4955028,49.0631743,0.0002930485667611,0.0003002193739474,1.8632380073882200,5.973226266190610
دورود,106574,0.0,لرستان,Lorestan,بیمارستان امام خمینی بروجرد,48.79,57.54,33.4994778250778,49.0535438100785,0.0002977803315428,0.0003050611480885,1.893323136555470,6.069559197987500
رومشكان,35231,0.0,لرستان,Lorestan,بیمارستان شهید مدنی خرم آباد,110.89,136.1,33.2834,47.5059,8.2424793528486E-05,8.31540090351052E-05,0.5240667434439330,1.6544492261667500
سلسله,58383,0.0,لرستان,Lorestan,بیمارستان فوق تخصصی شفا خرم آباد,41.2,49.75,33.8632,48.2617,0.0004327766777207,0.0004418261453694,2.7516461300347500,8.790663646752650
كوهدشت,147239,0.0,لرستان,Lorestan,بیمارستان شهید مدنی خرم آباد,67.01,89.07,33.535,47.606111,0.0002757338541908,0.0002814469969775,1.7531489839046600,5.599727202085960
آمل,221353,2.0,مازندران,Mazandaran,بیمارستان شمال آمل,7.62,5.29,36.469722,52.350833,0.0004301860550291,0.0008679631058393,2.735174639608640,17.269172051474700
بابل,300720,1.0,مازندران,Mazandaran,بیمارستان آیت اله روحانی بابل,21.38,22.51,36.7025,52.6575,0.0012541479090664,0.0009160050926294,7.974023135093430,18.225025278405000
بابلسر,69204,0.0,مازندران,Mazandaran,بیمارستان آیت اله روحانی بابل,20.6,21.83,36.7005,52.6502,0.0012559466817051,0.0009099826841007,7.9854599477150300,18.10520220257760
بهشهر,63731,0.0,مازندران,Mazandaran,بیمارستان امیر المومنین کردکوی,39.83,57.0,36.6987,53.5422,0.0009908477265722,0.0009211464612211,6.299928930171450,18.32731900286500
تنكابن,85681,0.0,مازندران,Mazandaran,بیمارستان آریا رشت,142.5,139.5,36.816389,50.873889,3.82489713614524E-05,3.75459784101498E-05,0.24319155685296300,0.7470224905226320
جويبار,42558,1.0,مازندران,Mazandaran,بیمارستان شهید فکوری جویبار,2.91,2.66,36.6394,52.9036,0.0014025125224873,0.0011099604553219,8.917343178363390,22.084000972313300
چالوس,55971,0.0,مازندران,Mazandaran,بیمارستان شمال آمل,109.69,111.05,36.6459174,51.406979,7.64958133864731E-05,0.0001275617150381,0.4863695751289810,2.5379940568372500
رامسر,36759,0.0,مازندران,Mazandaran,بیمارستان آریا رشت,117.51,119.24,36.903056,50.658333,9.60906410426538E-05,9.44236813105887E-05,0.6109558443632590,1.8786729381883200
سارئ,280564,3.0,مازندران,Mazandaran,بیمارستان حضرت فاطمه ساری,1.96,1.24,36.563333,53.06,0.0012484386339321,0.0013205698725954,7.937722877622670,26.274329153417200
سوادكوه,10792,0.0,مازندران,Mazandaran,بیمارستان ولی عصر قائم شهر,25.01,23.68,36.3040255,52.8852403,0.0019123550004838,0.0009934320471962,12.158982928673100,19.76552785373380
سوادكوه شمالي,8791,0.0,مازندران,Mazandaran,بیمارستان ولی عصر قائم شهر,25.82,24.34,36.2992,52.8874,0.0019010456411263,0.0009851819970895,12.087076662667400,19.601383163979800
سيمرغ,10703,0.0,مازندران,Mazandaran,بیمارستان شهید فکوری جویبار,11.1,12.95,36.5826,52.8117,0.0019357210118402,0.0011152141197328,12.307546837111500,22.188528957434000
عباس آباد,35908,0.0,مازندران,Mazandaran,بیمارستان شمال آمل,148.0,143.24,36.7227,51.1033,1.90091734417938E-05,2.33243691533946E-05,0.12086260935259500,0.46406643461255200
فريدونكنار,38955,0.0,مازندران,Mazandaran,بیمارستان آیت اله روحانی بابل,29.21,31.72,36.686389,52.5225,0.0009440134077531,0.000844181253049,6.002150702356320,16.79600342855110
قائم شهر,93439,1.0,مازندران,Mazandaran,بیمارستان ولی عصر قائم شهر,4.83,3.97,36.4635,52.8578,0.0020905417011622,0.0011524503724231,13.29191538688150,22.92938908148180
كلاردشت,14561,0.0,مازندران,Mazandaran,بیمارستان شمال آمل,167.61,159.42,36.498,51.1459,7.96437928082626E-06,1.22108983035443E-05,0.05063848066313230,0.24295053820641100
گلوگاه,16030,0.0,مازندران,Mazandaran,بیمارستان امیر المومنین کردکوی,21.75,31.47,36.727222,53.808889,0.0012693865453777,0.0008760646656982,8.070912216209900,17.430362348789700
محمودآباد,59830,0.0,مازندران,Mazandaran,بیمارستان شمال آمل,23.77,30.49,36.6329,52.2667,0.0003965920988154,0.0007778241108991,2.52158022852616,15.475748112488200
مياندورود,30300,0.0,مازندران,Mazandaran,بیمارستان شفا ساری,14.61,14.89,36.5955,53.21,0.0019344936304572,0.0012622180265315,12.299742998766100,25.113348850891300
نكا,57223,0.0,مازندران,Mazandaran,بیمارستان شفا ساری,22.45,25.11,36.6551,53.3033,0.0018087857149182,0.0011969452375617,11.500476963615100,23.8146680481985
نور,65548,0.0,مازندران,Mazandaran,بیمارستان شمال آمل,99.32,101.92,36.648889,51.496111,0.0001040073143503,0.0001760459475777,0.6612910047153910,3.502646295944150
نوشهر,71566,0.0,مازندران,Mazandaran,بیمارستان شمال آمل,100.56,102.44,36.6494,51.4887,0.0001004001743907,0.0001696340586313,0.6383563753296260,3.375074037808520
اراک,238881,3.0,مرکزي,Markazi,بیمارستان قدس اراک,3.58,1.46,34.091667,49.689167,0.0010132392447234,0.0010509075095239,6.442296893692160,20.909071445618700
آشتیان,8016,0.0,مرکزي,Markazi,بیمارستان قدس اراک,60.39,67.21,34.521944,50.006111,0.0005981274574563,0.00052720947145,3.8029662602089700,10.489467822291000
تفرش,10427,0.0,مرکزي,Markazi,بیمارستان قدس اراک,77.43,89.57,34.691944,50.013056,0.0004276151024828,0.0003856704058884,2.718828214330390,7.673377531420090
خمین,59396,0.0,مرکزي,Markazi,بیمارستان تخصصی و فوق تخصصی سینا اراک,49.27,69.2,33.6406148,50.0771125,0.0006744107958092,0.0007012094531093,4.287984893538270,13.95140716051010
خنداب,52800,0.0,مرکزي,Markazi,بیمارستان امیرالمومنین اراک,66.67,81.37,34.3919,49.1841,0.0005004360302586,0.0003628422997257,3.181832425082100,7.219184847098790
دلیجان,12093,0.0,مرکزي,Markazi,بیمارستان آیت اله یثربی کاشان,63.41,75.49,33.9869310835941,50.6884570796103,0.0015544001759194,0.0015940571503558,9.883063133439670,31.71568814870180
زرنديه,19166,0.0,مرکزي,Markazi,بیمارستان نور شهریار,69.43,85.57,35.3053,50.4978,0.0008309975936936,0.0009839928217289,5.283582573807010,19.577723086997900
ساوه,81634,0.0,مرکزي,Markazi,بیمارستان شهید بهشتی قم,59.63,76.6,35.024,50.3549,0.0006786600540936,0.0006327011021153,4.315002188405840,12.588350951877600
شازند,74575,0.0,مرکزي,Markazi,بیمارستان امیرالمومنین اراک,27.95,32.0,33.934290648881,49.403317260296,0.000877364968158,0.0009052052096371,5.578391913295450,18.01014859035790
فراهان,22848,0.0,مرکزي,Markazi,بیمارستان قدس اراک,56.09,61.28,34.5895,49.6095,0.0006427551084401,0.0006668191737076,4.086714228719800,13.267171104978700
كميجان,29955,0.0,مرکزي,Markazi,بیمارستان بعثت همدان,71.89,86.24,34.7243,49.3269,0.0003873844318075,0.0003774337334001,2.4630367750702700,7.509499005506750
محلات,14064,0.0,مرکزي,Markazi,بیمارستان تخصصی و فوق تخصصی سینا اراک,88.12,106.04,33.9085748,50.4552616,0.0006182035335222,0.0006353202172116,3.9306123646708800,12.640461403250900
ابوموسي,41,0.0,هرمزگان,Hormozagan,بیمارستان شهید محمدی بندرعباس,304.0,260.0,25.8797106,55.0328017,8.47278379255612E-10,8.48817427337543E-10,5.38709776460062E-06,1.68882457019071E-05
بستك,65762,0.0,هرمزگان,Hormozagan,بیمارستان امیرالمومنین علی (ع) گراش,117.72,138.33,27.199167,54.366667,4.30963129370347E-05,4.30963129370347E-05,0.2740115371662640,0.8574530851448900
بشاگرد,30298,0.0,هرمزگان,Hormozagan,بیمارستان امام رضا بندرعباس,354.31,311.28,26.4479,58.1893,7.19622992012803E-12,7.2084883747383E-12,4.57544941989302E-08,1.43421562229078E-07
بندرعباس,306423,2.0,هرمزگان,Hormozagan,بیمارستان شهید محمدی بندرعباس,3.13,2.09,27.1963,56.2884,0.0003263611235489,0.0003269348834256,2.0750432471009500,6.5047635245349200
بندرلنگه,91926,0.0,هرمزگان,Hormozagan,بیمارستان شهید محمدی بندرعباس,119.54,176.21,26.5672,54.8935,4.45697616248049E-05,4.46486903400252E-05,0.28337990100893000,0.8883395044877270
پارسيان,23759,0.0,هرمزگان,Hormozagan,بیمارستان امیرالمومنین علی (ع) گراش,180.75,207.33,27.2092,53.0409,3.16002936964107E-06,3.16002936964107E-06,0.02009184651900410,0.06287259274606460
جاسك,67913,0.0,هرمزگان,Hormozagan,بیمارستان امام رضا بندرعباس,282.5,331.05,25.643889,57.774444,4.28146056548352E-09,4.28880535493234E-09,2.72220408404075E-05,8.53309513618287E-05
حاجي اباد,44499,0.0,هرمزگان,Hormozagan,بیمارستان شهید محمدی بندرعباس,127.74,174.5,28.309167,55.901667,3.36148603117719E-05,3.3674416650307E-05,0.2137273218503690,0.6699931033414960
خمير,42910,0.0,هرمزگان,Hormozagan,بیمارستان شهید محمدی بندرعباس,59.38,85.63,26.952222,55.585,0.0001995212158878,0.0001998732088185,1.2685798699896800,3.976718374716350
رودان,100009,0.0,هرمزگان,Hormozagan,بیمارستان امام رضا بندرعباس,76.58,105.1,27.4416,57.1909,0.0001384746598376,0.0001387165419937,0.8804385297673480,2.759932782809260
سيريك,40337,0.0,هرمزگان,Hormozagan,بیمارستان امام رضا بندرعباس,148.88,183.62,26.5165,57.1018,1.3816893057701E-05,1.38408862066633E-05,0.08784946663845680,0.27538111198473500
قشم,114122,0.0,هرمزگان,Hormozagan,بیمارستان امام رضا بندرعباس,97.0,32.2,26.9547,56.268,8.24438618996116E-05,8.25873358757442E-05,0.5241879824392740,1.6431745807122100
ميناب,218109,0.0,هرمزگان,Hormozagan,بیمارستان امام رضا بندرعباس,75.36,105.21,27.146667,57.08,0.0001421849163885,0.0001424333032327,0.9040287868336240,2.833882227064120
اسداباد,72411,0.0,همدان,Hamedan,بیمارستان بوعلی همدان,42.67,52.81,34.7829395038556,48.121495929376,0.0006370558350541,0.0006089933148779,4.05047756356679,12.116655952392000
بهار,96052,0.0,همدان,Hamedan,بیمارستان بوعلی همدان,17.3,18.55,34.9086792996595,48.4396979136981,0.000796110470666,0.000762921889216,5.06176605270304,15.179250452088400
تويسركان,72419,0.0,همدان,Hamedan,بیمارستان بعثت همدان,63.92,88.56,34.548056,48.446944,0.0004561989222258,0.0004143074511572,2.9005675755909700,8.243146060134880
درگزین,29501,0.0,همدان,Hamedan,بیمارستان بعثت همدان,68.07,94.48,35.3615852999767,49.0760403710268,0.0004374004056606,0.0004202258225451,2.7810443479774700,8.36089919166152
رزن,65483,0.0,همدان,Hamedan,بیمارستان بعثت همدان,62.8,89.37,35.386667,49.033889,0.0004815435673514,0.0004626025269516,3.061711875335260,9.20403479782613
فامنين,33817,0.0,همدان,Hamedan,بیمارستان بعثت همدان,49.62,68.28,35.114,48.9726,0.0005921056037672,0.0005687136875367,3.7646785907196700,11.315244221818700
كبودرآهنگ,114623,0.0,همدان,Hamedan,بیمارستان بعثت همدان,45.68,61.45,35.208333,48.723889,0.0006239710382375,0.0005992880878942,3.967282852815940,11.923558764904900
ملاير,189735,0.0,همدان,Hamedan,بیمارستان امام خمینی بروجرد,46.47,57.63,34.296944,48.823611,0.0004128668279381,0.0004455092802968,2.625056912259890,8.86394405501213
نهاوند,143537,0.0,همدان,Hamedan,بیمارستان امام خمینی بروجرد,46.82,59.11,34.1883,48.3689,0.0002027643846185,0.0002114574616855,1.2892003265583700,4.207201046735650
همدان,381157,3.0,همدان,Hamedan,بیمارستان قلب فرشچیان همدان,2.82,2.27,34.7983,48.5148,0.0008338524921956,0.0008002601579331,5.3017343615975300,15.922140307938100
ابركوه,22520,0.0,يزد,Yazd,بیمارستان امام خمینی آباده,52.6,70.71,31.1304036,53.2503736,0.000525347051408,0.0005187714305441,3.3402196914707900,10.321582829022300
اردكان,19372,0.0,يزد,Yazd,بیمارستان افشار یزد,50.0,57.24,32.3092557626799,54.0086600854117,0.0017412684027525,0.0017010489779214,11.071193778325300,33.84441950364270
اشكذر,8409,0.0,يزد,Yazd,بیمارستان افشار یزد,20.41,18.08,32.0002,54.2075,0.0024426433959416,0.0023820916211759,15.530620279485900,47.39458367724600
بافق,7134,0.0,يزد,Yazd,بیمارستان شهید صدوقی یزد,72.01,110.62,31.605,55.4052,0.0012069240982502,0.0011674943834133,7.6737684703498,23.22870781102940
بهاباد,3706,0.0,يزد,Yazd,بیمارستان شهید صدوقی یزد,138.36,192.34,31.8734,56.0199,0.000166375281873,0.0001601464785518,1.0578340378931700,3.186307197786450
تفت,15323,0.0,يزد,Yazd,بیمارستان شهید صدوقی یزد,76.84,89.61,31.4556,53.9107,0.0011247567210856,0.0010090342021636,7.151338411084930,20.075951530377600
خاتم,14229,0.0,يزد,Yazd,بیمارستان علی ابن ابیطالب رفسنجان,150.1,211.76,30.6106,54.2593,4.21709414784765E-05,4.82157123621255E-05,0.2681279142173640,0.959309706558106
مروست,7427,0.0,يزد,Yazd,بیمارستان شهید صدوقی یزد,135.45,170.43,30.4762,54.2095,0.0001835840510027,0.0001629096658028,1.1672494602486300,3.2412841383118400
مهريز,19947,0.0,يزد,Yazd,بیمارستان شهید صدوقی یزد,26.56,32.46,31.5778,54.4452,0.002334608497158,0.002265898057479,14.843721408890000,45.08277269212880
ميبد,24773,0.0,يزد,Yazd,بیمارستان افشار یزد,45.49,51.49,32.2487226,54.0079341,0.0018618669152086,0.0018183850545833,11.837973614603700,36.178962161144300
يزد,180577,3.0,يزد,Yazd,بیمارستان سیدالشهدا یزد,3.42,2.84,31.8882678,54.3642391,0.0026584518591233,0.0025904919600038,16.90275642524630,51.54095958031460
Grand Total,44906460,,,,,,,,,,,,